number,vib
1,0.683928
2,0.198339
3,2
4,-0.508061
5,-0.084025
6,0.491451
7,-2.000977
8,2
9,-0.507084
10,0.209086
11,-0.155349
12,0.241329
13,-0.085002
14,-0.247191
15,0.033219
16,-0.070347
17,-0.13874
18,0.339033
19,1.404006
20,0.014656
21,0.999511
22,2
23,0.904739
24,0.827553
25,0.338056
26,0.766976
27,0.773815
28,0.412311
29,0.155349
30,-0.113337
31,-0.045921
32,0.500244
33,-0.976063
34,0.460186
35,-0.723986
36,-0.013679
37,0.651685
38,-0.128969
39,-0.354665
40,-0.359551
41,-0.110405
42,-0.133854
43,0.064485
44,0.457255
45,1.566194
46,0.200293
47,0.904739
48,1.549585
49,0.664387
50,2
51,1.064973
52,1.067904
53,0.841231
54,0.687836
55,0.560821
56,0.372252
57,0.159257
58,-0.049829
59,-0.053737
60,-0.099658
61,-0.263801
62,-0.849047
63,-0.634099
64,-0.385931
65,-1.364924
66,-0.527601
67,-0.096727
68,-0.657548
69,-0.382022
70,-0.414265
71,0.275525
72,0.645823
73,1.644358
74,-0.044944
75,1.241817
76,2
77,1.166585
78,1.25745
79,0.339033
80,0.938935
81,0.224719
82,0.726917
83,0.587201
84,0.130923
85,0.06937
86,0.278456
87,0.833415
88,0.614558
89,-0.980948
90,-0.14851
91,-0.181729
92,-1.01319
93,-0.332193
94,-0.058622
95,-0.397655
96,-0.014656
97,-0.277479
98,0.478749
99,0.448461
100,-0.203224
101,-0.09575
102,1.434294
103,2
104,0.547142
105,1.65999
106,1.038593
107,0.814851
108,0.574499
109,0.20127
110,0.638007
111,0.31363
112,0.345872
113,-0.035173
114,-0.107474
115,0.411334
116,-0.397655
117,0.553004
118,-0.362482
119,0.028334
120,0.246214
121,-0.05276
122,0.047875
123,-0.000977
124,-0.247191
125,-0.108451
126,-0.108451
127,0.27064
128,0.568637
129,2
130,0.054714
131,0.98681
132,1.139228
133,1.002443
134,0.86468
135,0.771861
136,0.635076
137,-0.00977
138,0.448461
139,0.224719
140,-0.023449
141,-0.152418
142,-0.218857
143,-0.09575
144,-0.012702
145,-0.784563
146,0.236444
147,0.389839
148,-0.047875
149,-0.266732
150,-0.164143
151,-0.239375
152,-0.141671
153,0.229604
154,0.356619
155,1.01319
156,0.041036
157,1.208598
158,1.126527
159,0.744504
160,1.037616
161,0.429897
162,0.776746
163,-0.492428
164,0.776746
165,0.262824
166,0.291158
167,0.17489
168,0.055691
169,-0.091842
170,0.213972
171,0.399609
172,-0.370298
173,-0.27064
174,0.200293
175,-0.438691
176,-0.13874
177,-0.228627
178,0.203224
179,-0.395701
180,0.146556
181,0.175867
182,1.534929
183,0.04299
184,0.792379
185,0.150464
186,0.520762
187,1.00342
188,0.695652
189,1.181241
190,0.677088
191,0.415242
192,0.645823
193,0.296043
194,0.032242
195,-0.137763
196,0.304836
197,0.204201
198,0.170005
199,-0.022472
200,-0.167074
201,0.02638
202,-1.743039
203,0.022472
204,0.035173
205,-0.150464
206,-0.210064
207,0.253053
208,0.133854
209,0.239375
210,1.016121
211,0.073278
212,1.075721
213,1.074744
214,-0.152418
215,1.152907
216,0.776746
217,0.528578
218,0.911578
219,0.657548
220,0.456277
221,0.736688
222,0.133854
223,0.143625
224,-0.013679
225,-0.047875
226,0.344895
227,-0.492428
228,0.253053
229,-0.709331
230,-0.085002
231,-1.154861
232,-0.385931
233,-0.065462
234,-0.469956
235,-0.348803
236,0.11236
237,0.255984
238,0.214949
239,0.123107
240,0.890083
241,1.472399
242,0.383977
243,1.15193
244,0.624328
245,0.4553
246,0.784563
247,-0.581339
248,0.497313
249,0.163166
250,0.177821
251,0.017587
252,0.077186
253,0.228627
254,-0.295066
255,-0.464094
256,-0.508061
257,-0.678065
258,-0.308745
259,-0.067416
260,-0.305813
261,-0.256961
262,0.168051
263,-0.114314
264,0.140694
265,0.46214
266,0.161212
267,-0.163166
268,1.089399
269,1.328774
270,0.661456
271,1.123596
272,0.90767
273,0.764045
274,0.675134
275,0.452369
276,0.564729
277,0.636053
278,0.243283
279,0.046898
280,0.212995
281,0.328285
282,-0.745481
283,-0.238398
284,-0.154372
285,0.238398
286,-0.168051
287,-0.192477
288,-0.057645
289,-0.625305
290,-0.07914
291,-0.040059
292,0.048852
293,1.048363
294,0.169028
295,1.15193
296,-0.199316
297,0.933073
298,1.124573
299,1.134343
300,0.396678
301,1.0298
302,-0.107474
303,0.563752
304,0.377137
305,0.197362
306,0.204201
307,-0.097704
308,0.33317
309,-0.107474
310,0.154372
311,-1.446996
312,0.194431
313,0.423058
314,0.022472
315,0.084025
316,-0.207132
317,-0.677088
318,-0.167074
319,-0.010747
320,0.281387
321,0.834392
322,0.870542
323,0.060576
324,1.048363
325,-0.650708
326,0.922325
327,0.731803
328,1.113825
329,0.572545
330,-1.017098
331,0.857841
332,0.412311
333,0.199316
334,0.108451
335,0.207132
336,-0.457255
337,-0.920371
338,0.314607
339,-0.775769
340,0.109428
341,0.110405
342,-0.089888
343,-0.382022
344,0.013679
345,-0.21788
346,-0.11236
347,0.411334
348,0.82853
349,2
350,-0.378114
351,0.886175
352,1.661944
353,0.684905
354,0.998534
355,0.422081
356,0.839277
357,0.933073
358,0.422081
359,0.21788
360,0.07914
361,0.120176
362,0.085979
363,0.717147
364,0.25403
365,2
366,-0.618466
367,0.121153
368,0.395701
369,-0.081094
370,-0.177821
371,-0.307767
372,-0.098681
373,-0.294089
374,-0.144602
375,0.258915
376,0.239375
377,0.008793
378,0.999511
379,1.407914
380,0.952614
381,1.053249
382,1.097215
383,1.110894
384,0.629213
385,0.489497
386,0.608696
387,0.397655
388,0.083048
389,0.096727
390,0.049829
391,0.210064
392,-1.479238
393,-0.225696
394,-0.946751
395,0.090865
396,0.356619
397,-0.060576
398,0.011724
399,-0.04299
400,-0.218857
401,-0.076209
402,0.085979
403,0.562775
404,0.378114
405,-0.033219
406,1.452858
407,1.021983
408,0.228627
409,1.037616
410,0.984856
411,1.160723
412,0.587201
413,-0.799218
414,0.661456
415,0.245237
416,0.263801
417,0.090865
418,-0.369321
419,-0.039082
420,-0.607719
421,2
422,-0.365413
423,-0.240352
424,-0.153395
425,-0.034196
426,-0.263801
427,-0.210064
428,-0.012702
429,-0.166097
430,0.029311
431,0.279433
432,0.878359
433,0.815828
434,0.56766
435,0.987787
436,1.219345
437,0.98681
438,0.487543
439,0.745481
440,1.044455
441,0.707377
442,0.499267
443,0.7064
444,0.219834
445,-0.035173
446,-0.124084
447,0.124084
448,-0.02638
449,-0.916463
450,-0.704446
451,-0.553004
452,-0.561798
453,-1.526136
454,-0.253053
455,0.153395
456,-0.207132
457,-0.142648
458,0.002931
459,0.456277
460,0.817782
461,1.047386
462,0.213972
463,1.31998
464,1.518319
465,1.217391
466,0.653639
467,0.505129
468,0.817782
469,0.55105
470,0.736688
471,0.533464
472,0.350757
473,0.074255
474,0.048852
475,-0.04299
476,-0.421104
477,0.495359
478,-0.756229
479,-0.02638
480,0.14851
481,0.024426
482,-0.071324
483,-0.183683
484,-0.12213
485,0.237421
486,-0.034196
487,0.302882
488,0.675134
489,2
490,0.206155
491,0.940889
492,1.423547
493,0.747435
494,0.772838
495,0.851979
496,1.302394
497,0.213972
498,0.368344
499,0.554958
500,0.259893
501,0.063508
502,0.008793
503,0.233512
504,-0.450415
505,-0.249145
506,0.075232
507,-0.157303
508,0.020518
509,1.852467
510,0.319492
511,1.195896
512,1.2936
513,0.501221
514,1.097215
515,0.755252
516,1.050318
517,0.895945
518,-0.307767
519,0.638007
520,0.467025
521,0.189546
522,0.008793
523,0.250122
524,0.325354
525,-0.168051
526,0.022472
527,-1.009282
528,-0.059599
529,0.188569
530,-0.234489
531,-0.418173
532,-0.298974
533,0.071324
534,-0.206155
535,-0.065462
536,0.010747
537,0.568637
538,0.855887
539,0.126038
540,0.00977
541,1.11871
542,1.018075
543,0.959453
544,0.765022
545,0.869565
546,0.744504
547,-0.453346
548,0.632145
549,0.34978
550,0.13874
551,0.133854
552,0.118222
553,0.450415
554,-0.200293
555,0.677088
556,-0.487543
557,-0.276502
558,0.517831
559,0.17489
560,-0.160234
561,-0.049829
562,-0.060576
563,0.207132
564,0.118222
565,0.866634
566,2
567,0.223742
568,0.856864
569,1.750855
570,0.753298
571,0.681974
572,0.836346
573,1.025892
574,0.500244
575,0.704446
576,0.537372
577,0.00977
578,0.004885
579,0.236444
580,0.372252
581,-0.144602
582,0.469956
583,-1.707865
584,-0.042013
585,0.133854
586,-1.775281
587,-0.15828
588,-0.255007
589,-0.368344
590,0.021495
591,0.135809
592,-0.100635
593,0.661456
594,0.723986
595,0.325354
596,1.263312
597,1.671715
598,1.058134
599,0.961407
600,0.665364
601,1.085491
602,0.543234
603,0.650708
604,0.377137
605,0.011724
606,0.044944
607,-0.170982
608,0.152418
609,-0.688813
610,0.062531
611,-1.189057
612,-0.010747
613,0.300928
614,-0.292135
615,-0.145579
616,-0.294089
617,-0.537372
618,-0.150464
619,-0.261847
620,0.050806
621,0.666341
622,2
623,0.656571
624,1.355154
625,1.312164
626,0.721055
627,1.140205
628,0.619443
629,0.998534
630,0.767953
631,-0.267709
632,0.504152
633,0.353688
634,0.206155
635,-0.019541
636,-0.298974
637,0.624328
638,-0.6468
639,2
640,-0.214949
641,-0.316561
642,-1.763556
643,-0.063508
644,-0.204201
645,-0.559844
646,-0.178798
647,0.068393
648,0.722032
649,0.295066
650,0.568637
651,0.302882
652,0.712262
653,1.130435
654,0.992672
655,1.919883
656,0.60381
657,1.044455
658,-1.059111
659,0.58427
660,0.502198
661,0.133854
662,-0.108451
663,0.043967
664,-0.073278
665,-0.375183
666,-0.338056
667,-0.631168
668,0.157303
669,0.268686
670,-0.13874
671,-0.116268
672,-0.219834
673,-0.077186
674,-0.361505
675,-0.573522
676,0.032242
677,-0.291158
678,-1.914998
679,0.199316
680,1.242794
681,-0.822667
682,1.123596
683,0.684905
684,0.841231
685,0.59404
686,0.870542
687,0.643869
688,0.552027
689,0.347826
690,0.01661
691,0.065462
692,0.108451
693,0.097704
694,-0.371275
695,-1.042501
696,0.072301
697,0.203224
698,-0.245237
699,-0.017587
700,-0.317538
701,-0.117245
702,-0.071324
703,-0.091842
704,-0.007816
705,0.82169
706,2
707,0.200293
708,1.020029
709,1.189057
710,0.918417
711,1.886663
712,0.697606
713,0.957499
714,0.765022
715,0.703468
716,0.831461
717,0.385931
718,0.02638
719,0.073278
720,0.120176
721,0.102589
722,0.413288
723,-0.6468
724,-0.152418
725,0.073278
726,-0.792379
727,-0.020518
728,-0.047875
729,-0.228627
730,-0.189546
731,0.083048
732,0.255984
733,0.447484
734,0.805081
735,0.132877
736,1.365901
737,1.520274
738,0.633122
739,0.739619
740,0.772838
741,1.027846
742,0.951637
743,0.502198
744,0.904739
745,0.400586
746,0.235467
747,0.011724
748,0.054714
749,0.215926
750,-0.31363
751,0.747435
752,-0.352711
753,0.230581
754,-0.343918
755,-0.043967
756,-0.011724
757,-0.289204
758,-0.147533
759,-1.052272
760,0.183683
761,0.001954
762,0.067416
763,0.303859
764,1.242794
765,-0.035173
766,1.288715
767,0.860772
768,1.057157
769,0.82169
770,-0.684905
771,0.658525
772,0.395701
773,0.197362
774,0.240352
775,0.034196
776,0.446507
777,-0.360528
778,0.54128
779,-1.209575
780,-0.157303
781,0.674157
782,-0.021495
783,-0.255007
784,-0.427943
785,-0.238398
786,-0.120176
787,-0.783586
788,0.106497
789,0.540303
790,1.205667
791,0.264778
792,0.918417
793,1.647289
794,1.086468
795,0.787494
796,0.703468
797,0.995603
798,0.092819
799,0.627259
800,0.058622
801,0.276502
802,0.100635
803,-0.065462
804,-0.085979
805,0.486566
806,-0.271617
807,2
808,-0.461163
809,-0.177821
810,-0.484612
811,0.245237
812,0.00977
813,-0.34978
814,-0.167074
815,0.028334
816,-0.004885
817,0.47191
818,0.623351
819,0.038105
820,0.497313
821,0.779678
822,0.528578
823,1.165608
824,0.928188
825,1.072789
826,0.802149
827,0.631168
828,0.368344
829,0.393747
830,0.115291
831,-0.056668
832,0.240352
833,-0.714216
834,0.588178
835,-0.533464
836,0.166097
837,0.238398
838,-0.000977
839,0.569614
840,-0.192477
841,0.075232
842,-0.55789
843,0.099658
844,0.223742
845,0.867611
846,1.774304
847,0.363459
848,1.01319
849,0.921348
850,0.681974
851,1.915975
852,0.686859
853,0.993649
854,0.657548
855,0.496336
856,0.722032
857,0.304836
858,0.00977
859,-0.154372
860,0.396678
861,-0.386908
862,-0.137763
863,-1.371764
864,-0.173913
865,-0.251099
866,-1.449927
867,0.037128
868,0.078163
869,-0.106497
870,-0.145579
871,-0.385931
872,0.308745
873,0.650708
874,1.696141
875,0.348803
876,0.927211
877,-0.057645
878,1.030777
879,0.649731
880,0.777723
881,0.562775
882,-0.290181
883,0.638007
884,0.16512
885,0.26087
886,0.076209
887,0.087934
888,-0.255007
889,-0.136786
890,-1.381534
891,0.4553
892,0.452369
893,0.021495
894,0.240352
895,-0.288227
896,0.044944
897,0.261847
898,-0.627259
899,0.20127
900,0.427943
901,2
902,0.410357
903,1.051295
904,1.144113
905,0.839277
906,1.37958
907,0.642892
908,0.957499
909,0.722032
910,0.608696
911,0.446507
912,0.469956
913,0.085002
914,0.113337
915,0.268686
916,1.191988
917,-1.126527
918,0.132877
919,-0.733757
920,-0.049829
921,0.537372
922,-0.575476
923,-0.618466
924,-0.126038
925,-0.246214
926,0.083048
927,0.250122
928,0.310699
929,0.703468
930,2
931,0.305813
932,1.102101
933,1.765511
934,0.575476
935,1.154861
936,0.842208
937,1.031754
938,0.764045
939,0.104543
940,0.500244
941,0.408403
942,0.26087
943,0.245237
944,0.243283
945,-0.399609
946,0.375183
947,-0.563752
948,0.172936
949,0.058622
950,0.088911
951,-0.046898
952,-0.139717
953,-0.180752
954,-0.251099
955,-0.135809
956,0.359551
957,0.830484
958,0.119199
959,0.954568
960,1.294577
961,0.347826
962,0.776746
963,0.539326
964,0.895945
965,-0.53151
966,0.694675
967,0.507084
968,0.203224
969,-0.110405
970,0.113337
971,0.644846
972,-0.802149
973,0.340987
974,-1.280899
975,-0.375183
976,0.129946
977,0.246214
978,0.120176
979,-0.354665
980,-0.128969
981,0.04299
982,0.213972
983,0.399609
984,1.943332
985,0.291158
986,0.898876
987,1.711773
988,0.983879
989,1.130435
990,1.103078
991,0.704446
992,-0.507084
993,0.829507
994,0.493405
995,0.523693
996,0.211041
997,-0.030288
998,0.250122
999,-0.581339
1000,-0.133854
1001,-1.000489
1002,-0.218857
1003,0.196385
1004,0.805081
1005,1.476307
1006,-0.962384
1007,0.833415
1008,0.892037
1009,0.556913
1010,0.860772
1011,-0.164143
1012,0.74255
1013,0.338056
1014,0.140694
1015,-0.004885
1016,0.156326
1017,1.307279
1018,-0.075232
1019,0.814851
1020,-2.000977
1021,0.295066
1022,0.363459
1023,-0.978017
1024,-0.060576
1025,-0.072301
1026,0.022472
1027,0.118222
1028,-0.372252
1029,0.490474
1030,1.187103
1031,1.747924
1032,-0.017587
1033,1.434294
1034,0.460186
1035,0.923302
1036,0.975085
1037,0.690767
1038,0.880313
1039,0.784563
1040,0.173913
1041,0.636053
1042,1.155838
1043,0.274548
1044,0.314607
1045,-0.120176
1046,0.252076
1047,0.335125
1048,0.218857
1049,-0.819736
1050,-0.248168
1051,-0.55789
1052,0.216903
1053,-0.053737
1054,0.281387
1055,-0.025403
1056,-0.17489
1057,-0.062531
1058,-0.18466
1059,0.163166
1060,0.089888
1061,2
1062,0.749389
1063,0.141671
1064,1.200782
1065,0.868588
1066,0.781632
1067,1.192965
1068,0.827553
1069,1.097215
1070,0.638984
1071,0.804104
1072,0.086957
1073,0.279433
1074,0.015633
1075,0.284319
1076,0.06937
1077,-0.334148
1078,0.974108
1079,-0.119199
1080,0.259893
1081,0.495359
1082,-0.269663
1083,0.044944
1084,-0.356619
1085,0.121153
1086,0.021495
1087,0.720078
1088,0.579384
1089,0.605765
1090,-0.413288
1091,0.253053
1092,1.090376
1093,1.582804
1094,0.760137
1095,0.779678
1096,0.880313
1097,0.868588
1098,0.045921
1099,0.489497
1100,0.400586
1101,0.26087
1102,0.198339
1103,0.01661
1104,-2.000977
1105,-0.109428
1106,0.692721
1107,-0.442599
1108,-0.249145
1109,-0.222765
1110,-0.245237
1111,-0.246214
1112,-0.34978
1113,-0.080117
1114,-0.118222
1115,-0.104543
1116,0.405471
1117,2
1118,0.523693
1119,0.877382
1120,0.301905
1121,1.086468
1122,0.993649
1123,0.800195
1124,1.081583
1125,0.754275
1126,0.544211
1127,0.351734
1128,0.386908
1129,0.070347
1130,0.222765
1131,0.328285
1132,-0.648754
1133,0.461163
1134,-1.706888
1135,-0.107474
1136,0.34978
1137,-0.443576
1138,0.239375
1139,-0.028334
1140,-0.013679
1141,0.057645
1142,-0.20127
1143,0.754275
1144,0.340987
1145,2
1146,0.942843
1147,1.766488
1148,0.208109
1149,0.870542
1150,0.903762
1151,1.266243
1152,0.537372
1153,0.794333
1154,0.264778
1155,0.533464
1156,0.319492
1157,0.091842
1158,0.28041
1159,0.089888
1160,-0.297997
1161,-1.143136
1162,1.645335
1163,-0.213972
1164,0.304836
1165,-1.434294
1166,-0.272594
1167,-0.182706
1168,-0.330239
1169,-0.266732
1170,0.49829
1171,-0.235467
1172,-1.431363
1173,-1.322912
1174,0.05276
1175,1.009282
1176,-0.211041
1177,0.985833
1178,1.106009
1179,0.902785
1180,0.729849
1181,-0.224719
1182,0.490474
1183,0.389839
1184,0.050806
1185,0.127992
1186,0.309722
1187,-0.440645
1188,0.041036
1189,-1.369809
1190,0.401563
1191,0.247191
1192,0.198339
1193,-0.017587
1194,-0.406448
1195,0.10552
1196,-0.352711
1197,-0.616512
1198,-0.31363
1199,0.587201
1200,0.352711
1201,-0.002931
1202,1.009282
1203,0.660479
1204,0.922325
1205,0.909624
1206,0.928188
1207,0.52467
1208,-0.047875
1209,0.526624
1210,0.451392
1211,0.179775
1212,-0.038105
1213,0.120176
1214,0.450415
1215,0.292135
1216,-0.338056
1217,-0.522716
1218,-0.004885
1219,0.371275
1220,-0.695652
1221,-0.252076
1222,-0.383
1223,-0.509038
1224,0.004885
1225,-0.177821
1226,0.028334
1227,0.572545
1228,0.356619
1229,0.690767
1230,0.483635
1231,1.005374
1232,0.299951
1233,0.799218
1234,0.880313
1235,1.01319
1236,0.705423
1237,-0.218857
1238,0.616512
1239,0.487543
1240,0.281387
1241,0.094773
1242,-0.083048
1243,-0.116268
1244,-0.475818
1245,0.239375
1246,-0.108451
1247,-0.115291
1248,-0.718124
1249,-0.156326
1250,0.176844
1251,-0.516854
1252,0.066439
1253,-0.432829
1254,-0.744504
1255,0.363459
1256,1.992184
1257,0.566683
1258,-0.059599
1259,1.048363
1260,0.602833
1261,0.695652
1262,1.160723
1263,0.738642
1264,0.998534
1265,-0.300928
1266,0.657548
1267,0.448461
1268,0.369321
1269,-0.053737
1270,0.389839
1271,0.301905
1272,-0.750366
1273,0.075232
1274,1.557401
1275,-0.309722
1276,0.075232
1277,-1.27406
1278,0.129946
1279,0.16512
1280,-0.640938
1281,0.025403
1282,0.1915
1283,0.798241
1284,0.623351
1285,2
1286,0.245237
1287,1.292623
1288,1.322912
1289,0.774792
1290,0.941866
1291,0.847093
1292,0.88129
1293,0.745481
1294,-0.023449
1295,0.651685
1296,0.327308
1297,-0.084025
1298,0.204201
1299,0.282364
1300,-0.344895
1301,0.396678
1302,-0.463117
1303,0.123107
1304,0.18466
1305,-0.734734
1306,-0.595994
1307,0.028334
1308,0.048852
1309,-0.218857
1310,-0.021495
1311,-0.012702
1312,0.758183
1313,1.549585
1314,0.085002
1315,0.340987
1316,1.068881
1317,1.502687
1318,0.954568
1319,0.738642
1320,0.750366
1321,0.817782
1322,0.714216
1323,0.62042
1324,0.427943
1325,0.204201
1326,-0.038105
1327,-0.062531
1328,0.337079
1329,0.03615
1330,0.267709
1331,-1.673669
1332,0.224719
1333,0.137763
1334,0.104543
1335,-0.233512
1336,-0.076209
1337,0.211041
1338,0.067416
1339,-0.186615
1340,0.470933
1341,0.083048
1342,1.451881
1343,0.826575
1344,0.860772
1345,0.973131
1346,-1.038593
1347,0.964338
1348,0.962384
1349,1.051295
1350,0.67318
1351,-0.099658
1352,0.512946
1353,0.503175
1354,0.195408
1355,0.031265
1356,0.223742
1357,0.394724
1358,-0.115291
1359,-0.047875
1360,0.329262
1361,-0.424035
1362,0.102589
1363,0.104543
1364,0.010747
1365,-0.372252
1366,-0.010747
1367,-0.115291
1368,1.063019
1369,0.157303
1370,1.465559
1371,0.480703
1372,0.544211
1373,1.063019
1374,-0.043967
1375,0.990718
1376,0.810943
1377,0.75916
1378,0.958476
1379,0.700537
1380,0.635076
1381,0.572545
1382,0.24426
1383,0.14851
1384,0.047875
1385,0.083048
1386,-0.137763
1387,0.843185
1388,-0.33317
1389,-0.382022
1390,0.099658
1391,0.090865
1392,-0.132877
1393,-0.326331
1394,-0.192477
1395,0.001954
1396,-0.250122
1397,0.771861
1398,0.407426
1399,0.464094
1400,0.937958
1401,1.055203
1402,0.750366
1403,0.731803
1404,0.707377
1405,0.926234
1406,1.288715
1407,0.618466
1408,0.444553
1409,0.124084
1410,0.130923
1411,0.055691
1412,0.27064
1413,-0.210064
1414,1.57108
1415,-0.077186
1416,-0.283341
1417,-0.090865
1418,-0.067416
1419,-0.508061
1420,0.225696
1421,-0.125061
1422,-0.102589
1423,0.310699
1424,0.688813
1425,2
1426,0.25403
1427,1.347338
1428,0.88129
1429,0.677088
1430,0.959453
1431,0.580362
1432,1.0298
1433,0.670249
1434,-0.025403
1435,0.476795
1436,0.554958
1437,0.088911
1438,0.049829
1439,-0.124084
1440,-0.014656
1441,-0.537372
1442,0.135809
1443,-0.256961
1444,-0.582316
1445,0.353688
1446,-0.167074
1447,0.132877
1448,-0.088911
1449,-0.04299
1450,-0.187592
1451,0.102589
1452,0.355642
1453,1.489985
1454,0.370298
1455,0.97704
1456,1.801661
1457,0.865657
1458,1.134343
1459,0.753298
1460,1.090376
1461,-1.179287
1462,0.628236
1463,0.591109
1464,0.166097
1465,0.143625
1466,0.121153
1467,0.232535
1468,-0.509038
1469,0.53151
1470,-1.10894
1471,-0.250122
1472,0.234489
1473,-0.006839
1474,-0.043967
1475,-0.388862
1476,-0.080117
1477,-0.370298
1478,-0.598925
1479,0.367367
1480,0.293112
1481,0.415242
1482,0.275525
1483,1.238886
1484,0.993649
1485,0.599902
1486,1.393258
1487,0.698583
1488,0.973131
1489,0.85491
1490,0.72594
1491,0.255007
1492,0.10552
1493,0.173913
1494,0.092819
1495,0.372252
1496,-0.55789
1497,0.196385
1498,-1.1617
1499,-0.03615
1500,0.229604
1501,-0.585247
1502,0.070347
1503,0.109428
1504,0.198339
1505,0.823644
1506,0.644846
1507,0.859795
1508,0.443576
1509,1.068881
1510,1.232047
1511,1.236932
1512,1.096238
1513,0.414265
1514,0.949682
1515,1.093307
1516,0.714216
1517,0.411334
1518,0.387885
1519,0.083048
1520,0.47191
1521,-0.640938
1522,0.711285
1523,1.33659
1524,0.033219
1525,0.427943
1526,-0.640938
1527,-0.234489
1528,-0.434783
1529,0.171959
1530,-0.341964
1531,0.220811
1532,0.058622
1533,-0.357596
1534,0.623351
1535,0.302882
1536,0.809966
1537,1.42257
1538,1.451881
1539,0.936981
1540,1.197851
1541,0.942843
1542,0.91744
1543,0.570591
1544,0.431851
1545,0.451392
1546,0.246214
1547,-0.059599
1548,0.335125
1549,0.255984
1550,0.226673
1551,0.801172
1552,-1.394235
1553,0.027357
1554,-0.267709
1555,0.150464
1556,0.008793
1557,-0.735711
1558,0.022472
1559,-0.31363
1560,0.363459
1561,0.24426
1562,0.354665
1563,0.628236
1564,1.21446
1565,1.434294
1566,0.965315
1567,0.890083
1568,0.9702
1569,1.127504
1570,0.605765
1571,-0.080117
1572,0.568637
1573,0.453346
1574,0.051783
1575,-0.015633
1576,0.239375
1577,-1.024915
1578,0.510015
1579,-0.794333
1580,0.107474
1581,-0.044944
1582,-0.4553
1583,-0.134831
1584,-0.417196
1585,0.114314
1586,-0.071324
1587,0.255984
1588,0.274548
1589,-0.241329
1590,-1.070835
1591,-0.199316
1592,1.071812
1593,1.041524
1594,0.740596
1595,0.831461
1596,1.228139
1597,1.000489
1598,0.85491
1599,0.265755
1600,0.464094
1601,0.256961
1602,0.07914
1603,0.056668
1604,0.056668
1605,-1.035662
1606,0.591109
1607,-1.289692
1608,0.27064
1609,0.361505
1610,-0.613581
1611,0.208109
1612,-0.364436
1613,-0.004885
1614,-0.120176
1615,-0.324377
1616,0.237421
1617,-1.101124
1618,0.86468
1619,0.677088
1620,0.508061
1621,1.249634
1622,0.22765
1623,0.868588
1624,1.191011
1625,0.425012
1626,0.903762
1627,0.161212
1628,0.412311
1629,0.387885
1630,0.337079
1631,-0.002931
1632,0.330239
1633,-0.99658
1634,0.546165
1635,1.101124
1636,0.010747
1637,-0.329262
1638,-1.354177
1639,-0.186615
1640,-0.090865
1641,-0.289204
1642,0.02638
1643,-0.249145
1644,-0.425012
1645,0.579384
1646,1.313141
1647,0.847093
1648,0.147533
1649,1.008305
1650,1.249634
1651,0.771861
1652,1.063019
1653,0.400586
1654,0.961407
1655,0.644846
1656,0.807035
1657,0.373229
1658,0.246214
1659,-0.139717
1660,0.284319
1661,0.202247
1662,-0.046898
1663,0.602833
1664,-0.84807
1665,0.449438
1666,0.374206
1667,0.033219
1668,-0.049829
1669,-0.063508
1670,-0.346849
1671,-0.192477
1672,0.048852
1673,1.294577
1674,0.345872
1675,0.553004
1676,1.183195
1677,1.296532
1678,0.947728
1679,0.912555
1680,0.994626
1681,0.57743
1682,0.373229
1683,0.113337
1684,0.500244
1685,0.40254
1686,0.065462
1687,0.067416
1688,0.288227
1689,-0.678065
1690,-0.049829
1691,0.521739
1692,-0.596971
1693,-0.156326
1694,0.002931
1695,-0.548119
1696,-0.267709
1697,0.075232
1698,0.090865
1699,0.074255
1700,0.303859
1701,0.149487
1702,-0.442599
1703,0.415242
1704,0.338056
1705,1.144113
1706,1.11871
1707,0.790425
1708,0.991695
1709,0.770884
1710,1.129458
1711,-0.858818
1712,0.650708
1713,1.399121
1714,0.268686
1715,-0.06937
1716,0.26087
1717,0.468979
1718,-0.396678
1719,0.8383
1720,-0.590132
1721,-0.189546
1722,0.470933
1723,-0.121153
1724,-0.130923
1725,-0.52467
1726,-0.011724
1727,-0.123107
1728,-0.592086
1729,0.670249
1730,1.242794
1731,1.076698
1732,0.935027
1733,0.69956
1734,0.691744
1735,1.021983
1736,1.080606
1737,0.893991
1738,0.722032
1739,-0.089888
1740,0.330239
1741,0.487543
1742,0.194431
1743,0.151441
1744,0.495359
1745,0.314607
1746,-0.137763
1747,0.82853
1748,-1.399121
1749,0.149487
1750,0.154372
1751,-0.467025
1752,0.347826
1753,-0.146556
1754,-0.526624
1755,-0.126038
1756,0.298974
1757,0.132877
1758,-0.845139
1759,0.710308
1760,0.262824
1761,0.984856
1762,0.920371
1763,0.893014
1764,0.945774
1765,0.71617
1766,0.9702
1767,0.792379
1768,0.361505
1769,0.421104
1770,0.451392
1771,0.073278
1772,-0.09575
1773,0.097704
1774,-0.974108
1775,0.922325
1776,0.046898
1777,-0.130923
1778,0.37616
1779,-0.851979
1780,-0.364436
1781,-0.040059
1782,-0.375183
1783,0.317538
1784,0.150464
1785,-0.046898
1786,-1.168539
1787,1.489008
1788,-0.066439
1789,1.078652
1790,-2.000977
1791,0.839277
1792,1.133366
1793,0.693698
1794,0.902785
1795,-0.749389
1796,0.384954
1797,0.189546
1798,0.395701
1799,0.048852
1800,0.147533
1801,0.453346
1802,-1.083537
1803,0.432829
1804,0.634099
1805,-0.155349
1806,0.216903
1807,-0.704446
1808,-0.320469
1809,-0.055691
1810,-0.139717
1811,-0.412311
1812,-0.28041
1813,0.955545
1814,1.246702
1815,0.813874
1816,0.391793
1817,1.000489
1818,1.71959
1819,0.845139
1820,1.170493
1821,0.731803
1822,0.642892
1823,-0.109428
1824,0.493405
1825,0.530532
1826,0.171959
1827,0.377137
1828,0.308745
1829,-0.75232
1830,0.988764
1831,-1.640449
1832,0.168051
1833,0.119199
1834,-0.230581
1835,0.296043
1836,-0.412311
1837,0.080117
1838,0.546165
1839,0.331216
1840,0.388862
1841,0.550073
1842,0.696629
1843,-0.056668
1844,1.031754
1845,1.535906
1846,0.916463
1847,1.169516
1848,0.499267
1849,0.956522
1850,-0.867611
1851,0.745481
1852,-0.022472
1853,0.597948
1854,0.160234
1855,0.250122
1856,0.529555
1857,-0.319492
1858,0.800195
1859,-1.14509
1860,-0.100635
1861,0.221788
1862,-0.146556
1863,-0.113337
1864,-0.26087
1865,-0.116268
1866,-0.296043
1867,0.256961
1868,0.542257
1869,0.790425
1870,0.834392
1871,0.460186
1872,0.52467
1873,1.03957
1874,0.980948
1875,1.281876
1876,0.804104
1877,0.536395
1878,-0.225696
1879,0.427943
1880,0.506106
1881,0.132877
1882,0.074255
1883,0.298974
1884,-0.770884
1885,0.576453
1886,-0.877382
1887,0.117245
1888,0.196385
1889,0.002931
1890,0.374206
1891,0.11236
1892,-0.224719
1893,-0.040059
1894,0.185638
1895,0.097704
1896,0.175867
1897,1.703957
1898,-0.265755
1899,1.588666
1900,1.586712
1901,0.650708
1902,0.888129
1903,0.915486
1904,1.074744
1905,0.015633
1906,0.558867
1907,0.106497
1908,0.257938
1909,0.010747
1910,-0.021495
1911,0.609673
1912,-1.243771
1913,0.753298
1914,-0.966292
1915,-0.013679
1916,0.403517
1917,-1.601368
1918,-0.121153
1919,0.291158
1920,-0.295066
1921,0.025403
1922,-0.319492
1923,0.569614
1924,0.792379
1925,0.605765
1926,0.897899
1927,1.149976
1928,0.836346
1929,0.598925
1930,1.021983
1931,1.089399
1932,0.736688
1933,0.709331
1934,-0.093796
1935,0.631168
1936,0.346849
1937,0.127992
1938,0.046898
1939,0.278456
1940,-0.436737
1941,1.233024
1942,-0.033219
1943,0.249145
1944,0.221788
1945,-0.495359
1946,0.34001
1947,0.063508
1948,0.055691
1949,-0.142648
1950,-0.465071
1951,0.680997
1952,-0.175867
1953,0.677088
1954,0.156326
1955,1.140205
1956,0.345872
1957,1.040547
1958,1.194919
1959,0.57743
1960,0.286273
1961,0.631168
1962,0.675134
1963,0.199316
1964,0.447484
1965,0.120176
1966,0.07914
1967,0.215926
1968,-1.193942
1969,-0.007816
1970,0.893991
1971,-0.142648
1972,0.213972
1973,-1.487054
1974,-0.420127
1975,-0.041036
1976,-0.008793
1977,0.075232
1978,-0.098681
1979,0.4553
1980,0.587201
1981,2
1982,1.123596
1983,1.515388
1984,1.473376
1985,0.607719
1986,1.027846
1987,0.682951
1988,1.020029
1989,0.656571
1990,-0.136786
1991,0.337079
1992,0.37616
1993,0.041036
1994,0.098681
1995,0.115291
1996,-0.439668
1997,0.041036
1998,-1.718613
1999,0.056668
2000,0.29702
2001,-0.635076
2002,0.677088
2003,0.680997
2004,0.681974
2005,0.679043
2006,0.679043
2007,0.683928
2008,0.683928
2009,0.679043
2010,0.686859
2011,0.682951
2012,0.679043
2013,0.683928
2014,0.677088
2015,0.675134
2016,0.676111
2017,0.68002
2018,0.679043
2019,0.679043
2020,0.677088
2021,0.68002
2022,0.683928
2023,0.684905
2024,0.67318
2025,0.686859
2026,0.684905
2027,0.683928
2028,0.678065
2029,0.685882
2030,0.682951
2031,0.680997
2032,0.678065
2033,0.678065
2034,0.681974
2035,0.680997
2036,0.681974
2037,0.677088
2038,0.671226
2039,0.68002
2040,0.680997
2041,0.683928
2042,0.680997
2043,0.677088
2044,0.681974
2045,0.683928
2046,0.680997
2047,0.683928
2048,0.676111
2049,0.681974
2050,0.676111
2051,0.680997
2052,0.674157
2053,0.679043
2054,0.679043
2055,0.68002
2056,0.675134
2057,0.675134
2058,0.680997
2059,0.675134
2060,0.679043
2061,0.676111
2062,0.678065
2063,0.677088
2064,0.678065
2065,0.675134
2066,0.679043
2067,0.674157
2068,0.68002
2069,0.680997
2070,0.67318
2071,0.675134
2072,0.68002
2073,0.680997
2074,0.679043
2075,0.681974
2076,0.681974
2077,0.683928
2078,0.680997
2079,0.678065
2080,0.675134
2081,0.679043
2082,0.679043
2083,0.67318
2084,0.674157
2085,0.683928
2086,0.685882
2087,0.681974
2088,0.680997
2089,0.68002
2090,0.679043
2091,0.678065
2092,0.681974
2093,0.677088
2094,0.678065
2095,0.683928
2096,0.682951
2097,0.68002
2098,0.679043
2099,0.679043
2100,0.682951
2101,0.683928
2102,0.682951
2103,0.681974
2104,0.681974
2105,0.681974
2106,0.677088
2107,0.680997
2108,0.675134
2109,0.679043
2110,0.679043
2111,0.679043
2112,0.678065
2113,0.68002
2114,0.679043
2115,0.684905
2116,0.680997
2117,0.678065
2118,0.683928
2119,0.682951
2120,0.680997
2121,0.677088
2122,0.680997
2123,0.688813
2124,0.682951
2125,0.681974
2126,0.672203
2127,0.679043
2128,0.680997
2129,0.676111
2130,0.678065
2131,0.68002
2132,0.679043
2133,0.680997
2134,0.678065
2135,0.682951
2136,0.683928
2137,0.682951
2138,0.68002
2139,0.68002
2140,0.685882
2141,0.679043
2142,0.683928
2143,0.679043
2144,0.679043
2145,0.681974
2146,0.675134
2147,0.679043
2148,0.679043
2149,0.674157
2150,0.681974
2151,0.681974
2152,0.680997
2153,0.68002
2154,0.680997
2155,0.682951
2156,0.684905
2157,0.68002
2158,0.680997
2159,0.678065
2160,0.679043
2161,0.677088
2162,0.677088
2163,0.679043
2164,0.677088
2165,0.680997
2166,0.678065
2167,0.678065
2168,0.679043
2169,0.677088
2170,0.676111
2171,0.68002
2172,0.675134
2173,0.678065
2174,0.678065
2175,0.683928
2176,0.68002
2177,0.678065
2178,0.679043
2179,0.682951
2180,0.681974
2181,0.676111
2182,0.68002
2183,0.677088
2184,0.684905
2185,0.682951
2186,0.678065
2187,0.679043
2188,0.680997
2189,0.680997
2190,0.680997
2191,0.679043
2192,0.68002
2193,0.681974
2194,0.680997
2195,0.678065
2196,0.677088
2197,0.676111
2198,0.676111
2199,0.68002
2200,0.681974
2201,0.679043
2202,0.679043
2203,0.680997
2204,0.677088
2205,0.681974
2206,0.679043
2207,0.679043
2208,0.681974
2209,0.678065
2210,0.683928
2211,0.679043
2212,0.679043
2213,0.680997
2214,0.678065
2215,0.68002
2216,0.678065
2217,0.685882
2218,0.677088
2219,0.677088
2220,0.68002
2221,0.680997
2222,0.679043
2223,0.68002
2224,0.677088
2225,0.676111
2226,0.682951
2227,0.681974
2228,0.678065
2229,0.684905
2230,0.680997
2231,0.681974
2232,0.683928
2233,0.682951
2234,0.683928
2235,0.680997
2236,0.681974
2237,0.681974
2238,0.682951
2239,0.68002
2240,0.683928
2241,0.682951
2242,0.677088
2243,0.676111
2244,0.683928
2245,0.686859
2246,0.685882
2247,0.695652
2248,0.685882
2249,0.684905
2250,0.683928
2251,0.685882
2252,0.690767
2253,0.695652
2254,0.707377
2255,0.652662
2256,0.694675
2257,0.678065
2258,0.827553
2259,0.729849
2260,0.802149
2261,0.769907
2262,0.69956
2263,0.765999
2264,0.726917
2265,0.703468
2266,0.659502
2267,0.6468
2268,0.707377
2269,0.682951
2270,0.645823
2271,0.600879
2272,0.572545
2273,0.470933
2274,0.55105
2275,0.299951
2276,0.240352
2277,0.34978
2278,0.441622
2279,0.328285
2280,0.580362
2281,0.508061
2282,0.092819
2283,0.424035
2284,0.190523
2285,0.286273
2286,0.249145
2287,0.341964
2288,0.229604
2289,-0.371275
2290,0.011724
2291,0.065462
2292,-0.096727
2293,0.04299
2294,-0.204201
2295,-0.144602
2296,-0.225696
2297,-0.373229
2298,-0.16512
2299,-0.144602
2300,-0.040059
2301,-0.058622
2302,0.921348
2303,0.20127
2304,0.475818
2305,0.249145
2306,0.926234
2307,1.13532
2308,0.82853
2309,1.218368
2310,0.82169
2311,0.956522
2312,0.67318
2313,0.754275
2314,0.914509
2315,0.282364
2316,0.515877
2317,0.37616
2318,0.5149
2319,0.481681
2320,0.286273
2321,0.033219
2322,0.470933
2323,-0.348803
2324,0.340987
2325,0.050806
2326,-0.342941
2327,0.214949
2328,0.081094
2329,0.054714
2330,-0.143625
2331,-0.493405
2332,0.116268
2333,-0.071324
2334,-0.1915
2335,-0.495359
2336,-0.286273
2337,0.373229
2338,-0.048852
2339,1.427455
2340,0.901808
2341,0.467025
2342,1.009282
2343,0.872496
2344,0.885198
2345,1.086468
2346,0.712262
2347,0.837323
2348,0.989741
2349,0.543234
2350,0.371275
2351,0.367367
2352,0.004885
2353,0.177821
2354,-0.639961
2355,0.607719
2356,-0.499267
2357,-0.136786
2358,-0.012702
2359,0.003908
2360,-0.368344
2361,0.078163
2362,0.043967
2363,-0.139717
2364,-0.1319
2365,-0.257938
2366,0.28041
2367,0.664387
2368,0.512946
2369,0.998534
2370,0.214949
2371,1.027846
2372,0.660479
2373,1.059111
2374,0.842208
2375,1.0298
2376,1.115779
2377,0.929165
2378,0.424035
2379,0.692721
2380,0.334148
2381,0.458232
2382,-0.135809
2383,0.140694
2384,0.198339
2385,0.354665
2386,0.008793
2387,1.175379
2388,-0.497313
2389,0.246214
2390,-0.492428
2391,0.040059
2392,-0.179775
2393,0.047875
2394,-0.104543
2395,-0.172936
2396,-0.22765
2397,0.099658
2398,0.062531
2399,1.133366
2400,0.657548
2401,0.800195
2402,1.063019
2403,0.941866
2404,1.05618
2405,0.512946
2406,1.146067
2407,0.941866
2408,-1.133366
2409,0.582316
2410,0.390816
2411,0.556913
2412,0.119199
2413,0.130923
2414,-0.09575
2415,0.240352
2416,-0.590132
2417,1.148999
2418,0.40938
2419,0.045921
2420,-1.342452
2421,0.056668
2422,-0.1915
2423,0.084025
2424,-0.088911
2425,-0.234489
2426,-0.477772
2427,-0.242306
2428,0.529555
2429,0.494382
2430,0.420127
2431,0.093796
2432,1.002443
2433,0.792379
2434,0.965315
2435,0.818759
2436,1.404983
2437,0.74255
2438,1.291646
2439,0.536395
2440,0.4553
2441,0.213972
2442,0.011724
2443,0.212018
2444,-0.788471
2445,0.361505
2446,-1.998046
2447,-0.013679
2448,0.504152
2449,-1.445042
2450,-0.144602
2451,-0.133854
2452,0.04299
2453,-0.515877
2454,0.189546
2455,-0.063508
2456,-0.705423
2457,0.37616
2458,0.550073
2459,-0.209086
2460,0.701514
2461,1.60723
2462,1.071812
2463,0.82169
2464,0.807035
2465,0.758183
2466,0.678065
2467,0.00977
2468,0.543234
2469,0.820713
2470,0.515877
2471,0.123107
2472,0.453346
2473,-0.799218
2474,0.452369
2475,-0.228627
2476,0.316561
2477,-0.086957
2478,0.014656
2479,0.294089
2480,0.065462
2481,-0.109428
2482,0.038105
2483,-0.235467
2484,-0.170982
2485,0.04299
2486,-0.256961
2487,0.149487
2488,0.526624
2489,0.89106
2490,0.779678
2491,1.523205
2492,1.034685
2493,1.172447
2494,0.187592
2495,0.987787
2496,0.906693
2497,-0.164143
2498,0.57743
2499,0.378114
