date,close
0 ,0.275525
1 ,0.124084
2 ,0.582316
3 ,0.587201
4 ,0.586224
5 ,0.581339
6 ,0.58427
7 ,0.582316
8 ,0.573522
9 ,0.580362
10 ,0.581339
11 ,0.582316
12 ,0.57743
13 ,0.58427
14 ,0.579384
15 ,0.588178
16 ,0.580362
17 ,0.586224
18 ,0.578407
19 ,0.579384
20 ,0.585247
21 ,0.581339
22 ,0.58427
23 ,0.591109
24 ,0.580362
25 ,0.583293
26 ,0.583293
27 ,0.578407
28 ,0.583293
29 ,0.582316
30 ,0.578407
31 ,0.58427
32 ,0.582316
33 ,0.58427
34 ,0.581339
35 ,0.58427
36 ,0.582316
37 ,0.580362
38 ,0.582316
39 ,0.581339
40 ,0.588178
41 ,0.582316
42 ,0.590132
43 ,0.586224
44 ,0.583293
45 ,0.58427
46 ,0.576453
47 ,0.581339
48 ,0.581339
49 ,0.583293
50 ,0.582316
51 ,0.587201
52 ,0.58427
53 ,0.58427
54 ,0.581339
55 ,0.581339
56 ,0.581339
57 ,0.580362
58 ,0.58427
59 ,0.586224
60 ,0.579384
61 ,0.580362
62 ,0.576453
63 ,0.585247
64 ,0.585247
65 ,0.585247
66 ,0.579384
67 ,0.580362
68 ,0.583293
69 ,0.582316
70 ,0.580362
71 ,0.582316
72 ,0.586224
73 ,0.582316
74 ,0.58427
75 ,0.588178
76 ,0.582316
77 ,0.581339
78 ,0.585247
79 ,0.580362
80 ,0.581339
81 ,0.583293
82 ,0.580362
83 ,0.58427
84 ,0.581339
85 ,0.581339
86 ,0.586224
87 ,0.581339
88 ,0.581339
89 ,0.580362
90 ,0.583293
91 ,0.580362
92 ,0.58427
93 ,0.587201
94 ,0.579384
95 ,0.589155
96 ,0.582316
97 ,0.576453
98 ,0.578407
99 ,0.58427
100 ,0.581339
101 ,0.583293
102 ,0.579384
103 ,0.581339
104 ,0.582316
105 ,0.580362
106 ,0.582316
107 ,0.579384
108 ,0.582316
109 ,0.581339
110 ,0.578407
111 ,0.579384
112 ,0.580362
113 ,0.580362
114 ,0.582316
115 ,0.583293
116 ,0.581339
117 ,0.579384
118 ,0.57743
119 ,0.58427
120 ,0.580362
121 ,0.58427
122 ,0.578407
123 ,0.586224
124 ,0.580362
125 ,0.58427
126 ,0.579384
127 ,0.579384
128 ,0.580362
129 ,0.585247
130 ,0.580362
131 ,0.59404
132 ,0.581339
133 ,0.581339
134 ,0.582316
135 ,0.58427
136 ,0.588178
137 ,0.582316
138 ,0.58427
139 ,0.582316
140 ,0.587201
141 ,0.586224
142 ,0.598925
143 ,0.569614
144 ,0.595017
145 ,0.58427
146 ,0.576453
147 ,0.58427
148 ,0.589155
149 ,0.580362
150 ,0.585247
151 ,0.582316
152 ,0.585247
153 ,0.587201
154 ,0.589155
155 ,0.578407
156 ,0.580362
157 ,0.586224
158 ,0.582316
159 ,0.583293
160 ,0.581339
161 ,0.578407
162 ,0.583293
163 ,0.579384
164 ,0.58427
165 ,0.580362
166 ,0.578407
167 ,0.580362
168 ,0.582316
169 ,0.585247
170 ,0.580362
171 ,0.58427
172 ,0.583293
173 ,0.591109
174 ,0.582316
175 ,0.591109
176 ,0.580362
177 ,0.58427
178 ,0.589155
179 ,0.580362
180 ,0.591109
181 ,0.593063
182 ,0.580362
183 ,0.595017
184 ,0.556913
185 ,0.57743
186 ,0.579384
187 ,0.563752
188 ,0.562775
189 ,0.544211
190 ,0.570591
191 ,0.553981
192 ,0.521739
193 ,0.525647
194 ,0.506106
195 ,0.535418
196 ,0.49829
197 ,0.379091
198 ,0.448461
199 ,0.485589
200 ,0.416219
201 ,0.410357
202 ,0.41915
203 ,0.356619
204 ,0.273571
205 ,0.182706
206 ,0.288227
207 ,0.162189
208 ,0.115291
209 ,0.030288
210 ,0.053737
211 ,-0.021495
212 ,0.003908
213 ,-0.075232
214 ,-0.119199
215 ,-0.113337
216 ,-0.084025
217 ,-0.461163
218 ,-0.239375
219 ,-0.359551
220 ,-0.087934
221 ,-0.27064
222 ,-0.33317
223 ,-0.189546
224 ,-0.232535
225 ,-0.04299
226 ,-0.050806
227 ,-0.331216
228 ,-0.511969
229 ,0.1915
230 ,-0.215926
231 ,-0.011724
232 ,0.091842
233 ,-0.004885
234 ,-0.121153
235 ,0.695652
236 ,-0.358574
237 ,0.123107
238 ,-0.048852
239 ,0.020518
240 ,-0.307767
241 ,-0.119199
242 ,-0.087934
243 ,-0.820713
244 ,-0.286273
245 ,-0.49829
246 ,-0.535418
247 ,-0.510992
248 ,-0.382022
249 ,-0.794333
250 ,-0.580362
251 ,-0.56766
252 ,-0.530532
253 ,-0.225696
254 ,-0.274548
255 ,-0.424035
256 ,0.612604
257 ,-0.161212
258 ,-0.088911
259 ,-0.05276
260 ,-0.187592
261 ,-0.252076
262 ,0.239375
263 ,-0.085002
264 ,0.53151
265 ,-0.262824
266 ,0.193454
267 ,0.389839
268 ,0.129946
269 ,-0.017587
270 ,0.486566
271 ,-0.301905
272 ,0.276502
273 ,-0.225696
274 ,-0.346849
275 ,-0.188569
276 ,-0.183683
277 ,-0.178798
278 ,-0.220811
279 ,-0.171959
280 ,-0.384954
281 ,-0.11236
282 ,-0.533464
283 ,0.024426
284 ,0.098681
285 ,0.104543
286 ,0.080117
287 ,0.189546
288 ,0.283341
289 ,0.196385
290 ,0.595017
291 ,0.351734
292 ,0.734734
293 ,0.400586
294 ,0.513923
295 ,-0.09575
296 ,0.154372
297 ,0.334148
298 ,0.072301
299 ,-0.316561
300 ,-0.046898
301 ,-0.07914
302 ,-0.127015
303 ,-0.301905
304 ,-0.290181
305 ,0.170005
306 ,-0.109428
307 ,-0.371275
308 ,-0.374206
309 ,-0.375183
310 ,-0.111383
311 ,0.259893
312 ,-0.01661
313 ,0.271617
314 ,0.510015
315 ,0.444553
316 ,0.662433
317 ,0.42892
318 ,0.505129
319 ,0.168051
320 ,1.661944
321 ,0.796287
322 ,0.209086
323 ,0.235467
324 ,0.051783
325 ,0.321446
326 ,0.117245
327 ,0.265755
328 ,0.050806
329 ,-0.101612
330 ,0.040059
331 ,-0.425989
332 ,-0.018564
333 ,-0.496336
334 ,0.214949
335 ,-0.404494
336 ,-0.080117
337 ,0.155349
338 ,0.358574
339 ,-0.10552
340 ,-0.139717
341 ,0.436737
342 ,0.102589
343 ,0.262824
344 ,0.547142
345 ,0.3234
346 ,0.316561
347 ,0.298974
348 ,0.562775
349 ,0.373229
350 ,0.901808
351 ,0.273571
352 ,0.575476
353 ,0.231558
354 ,-0.354665
355 ,1.110894
356 ,-0.142648
357 ,0.168051
358 ,0.003908
359 ,-0.038105
360 ,0.168051
361 ,-0.185638
362 ,-0.010747
363 ,0.113337
364 ,0.853933
365 ,0.602833
366 ,-0.363459
367 ,0.1915
368 ,0.512946
369 ,0.368344
370 ,0.508061
371 ,0.173913
372 ,0.530532
373 ,0.189546
374 ,0.391793
375 ,0.220811
376 ,0.431851
377 ,0.14851
378 ,0.614558
379 ,0.083048
380 ,0.346849
381 ,0.088911
382 ,0.389839
383 ,-0.019541
384 ,0.068393
385 ,-0.476795
386 ,-0.142648
387 ,0.109428
388 ,-0.09575
389 ,-0.032242
390 ,-0.221788
391 ,-0.21788
392 ,-0.210064
393 ,-0.068393
394 ,0.070347
395 ,-0.266732
396 ,0.000977
397 ,0.002931
398 ,0.359551
399 ,0.491451
400 ,0.262824
401 ,0.399609
402 ,0.414265
403 ,0.329262
404 ,0.292135
405 ,0.913532
406 ,-0.196385
407 ,0.391793
408 ,0.197362
409 ,0.149487
410 ,0.150464
411 ,-0.008793
412 ,-0.071324
413 ,-0.145579
414 ,-0.107474
415 ,-0.684905
416 ,-0.163166
417 ,-0.134831
418 ,-0.242306
419 ,-0.058622
420 ,-0.126038
421 ,0.180752
422 ,-0.047875
423 ,0.025403
424 ,0.170005
425 ,0.187592
426 ,0.367367
427 ,0.15828
428 ,0.364436
429 ,0.661456
430 ,0.188569
431 ,0.007816
432 ,0.109428
433 ,0.679043
434 ,0.123107
435 ,0.464094
436 ,-0.046898
437 ,-0.740596
438 ,-0.281387
439 ,-0.181729
440 ,1.291646
441 ,-0.309722
442 ,-0.142648
443 ,-0.422081
444 ,-0.403517
445 ,-0.535418
446 ,-1.404983
447 ,-1.592574
448 ,-0.31363
449 ,-0.484612
450 ,0.841231
451 ,-1.392281
452 ,-0.612604
453 ,0.555936
454 ,2
455 ,0.954568
456 ,0.275525
457 ,0.807035
458 ,0.213972
459 ,0.679043
460 ,0.188569
461 ,0.550073
462 ,-0.166097
463 ,0.344895
464 ,-0.120176
465 ,-0.096727
466 ,-0.047875
467 ,-1.21446
468 ,0.332193
469 ,-0.416219
470 ,0.219834
471 ,-0.067416
472 ,-0.281387
473 ,-0.114314
474 ,-0.281387
475 ,-0.005862
476 ,-0.682951
477 ,0.396678
478 ,-0.067416
479 ,-0.008793
480 ,0.269663
481 ,-0.00977
482 ,0.427943
483 ,0.253053
484 ,0.104543
485 ,0.393747
486 ,0.257938
487 ,0.414265
488 ,0.170005
489 ,0.360528
490 ,0.277479
491 ,-0.101612
492 ,0.055691
493 ,0.083048
494 ,-0.042013
495 ,-0.154372
496 ,-0.014656
497 ,2
498 ,-0.476795
499 ,-0.298974
500 ,-0.113337
501 ,0.683928
502 ,0.198339
503 ,2
504 ,-0.508061
505 ,-0.084025
506 ,0.491451
507 ,-2.000977
508 ,2
509 ,-0.507084
510 ,0.209086
511 ,-0.155349
512 ,0.241329
513 ,-0.085002
514 ,-0.247191
515 ,0.033219
516 ,-0.070347
517 ,-0.13874
518 ,0.339033
519 ,1.404006
520 ,0.014656
521 ,0.999511
522 ,2
523 ,0.904739
524 ,0.827553
525 ,0.338056
526 ,0.766976
527 ,0.773815
528 ,0.412311
529 ,0.155349
530 ,-0.113337
531 ,-0.045921
532 ,0.500244
533 ,-0.976063
534 ,0.460186
535 ,-0.723986
536 ,-0.013679
537 ,0.651685
538 ,-0.128969
539 ,-0.354665
540 ,-0.359551
541 ,-0.110405
542 ,-0.133854
543 ,0.064485
544 ,0.457255
545 ,1.566194
546 ,0.200293
547 ,0.904739
548 ,1.549585
549 ,0.664387
550 ,2
551 ,1.064973
552 ,1.067904
553 ,0.841231
554 ,0.687836
555 ,0.560821
556 ,0.372252
557 ,0.159257
558 ,-0.049829
559 ,-0.053737
560 ,-0.099658
561 ,-0.263801
562 ,-0.849047
563 ,-0.634099
564 ,-0.385931
565 ,-1.364924
566 ,-0.527601
567 ,-0.096727
568 ,-0.657548
569 ,-0.382022
570 ,-0.414265
571 ,0.275525
572 ,0.645823
573 ,1.644358
574 ,-0.044944
575 ,1.241817
576 ,2
577 ,1.166585
578 ,1.25745
579 ,0.339033
580 ,0.938935
581 ,0.224719
582 ,0.726917
583 ,0.587201
584 ,0.130923
585 ,0.06937
586 ,0.278456
587 ,0.833415
588 ,0.614558
589 ,-0.980948
590 ,-0.14851
591 ,-0.181729
592 ,-1.01319
593 ,-0.332193
594 ,-0.058622
595 ,-0.397655
596 ,-0.014656
597 ,-0.277479
598 ,0.478749
599 ,0.448461
600 ,-0.203224
601 ,-0.09575
602 ,1.434294
603 ,2
604 ,0.547142
605 ,1.65999
606 ,1.038593
607 ,0.814851
608 ,0.574499
609 ,0.20127
610 ,0.638007
611 ,0.31363
612 ,0.345872
613 ,-0.035173
614 ,-0.107474
615 ,0.411334
616 ,-0.397655
617 ,0.553004
618 ,-0.362482
619 ,0.028334
620 ,0.246214
621 ,-0.05276
622 ,0.047875
623 ,-0.000977
624 ,-0.247191
625 ,-0.108451
626 ,-0.108451
627 ,0.27064
628 ,0.568637
629 ,2
630 ,0.054714
631 ,0.98681
632 ,1.139228
633 ,1.002443
634 ,0.86468
635 ,0.771861
636 ,0.635076
637 ,-0.00977
638 ,0.448461
639 ,0.224719
640 ,-0.023449
641 ,-0.152418
642 ,-0.218857
643 ,-0.09575
644 ,-0.012702
645 ,-0.784563
646 ,0.236444
647 ,0.389839
648 ,-0.047875
649 ,-0.266732
650 ,-0.164143
651 ,-0.239375
652 ,-0.141671
653 ,0.229604
654 ,0.356619
655 ,1.01319
656 ,0.041036
657 ,1.208598
658 ,1.126527
659 ,0.744504
660 ,1.037616
661 ,0.429897
662 ,0.776746
663 ,-0.492428
664 ,0.776746
665 ,0.262824
666 ,0.291158
667 ,0.17489
668 ,0.055691
669 ,-0.091842
670 ,0.213972
671 ,0.399609
672 ,-0.370298
673 ,-0.27064
674 ,0.200293
675 ,-0.438691
676 ,-0.13874
677 ,-0.228627
678 ,0.203224
679 ,-0.395701
680 ,0.146556
681 ,0.175867
682 ,1.534929
683 ,0.04299
684 ,0.792379
685 ,0.150464
686 ,0.520762
687 ,1.00342
688 ,0.695652
689 ,1.181241
690 ,0.677088
691 ,0.415242
692 ,0.645823
693 ,0.296043
694 ,0.032242
695 ,-0.137763
696 ,0.304836
697 ,0.204201
698 ,0.170005
699 ,-0.022472
700 ,-0.167074
701 ,0.02638
702 ,-1.743039
703 ,0.022472
704 ,0.035173
705 ,-0.150464
706 ,-0.210064
707 ,0.253053
708 ,0.133854
709 ,0.239375
710 ,1.016121
711 ,0.073278
712 ,1.075721
713 ,1.074744
714 ,-0.152418
715 ,1.152907
716 ,0.776746
717 ,0.528578
718 ,0.911578
719 ,0.657548
720 ,0.456277
721 ,0.736688
722 ,0.133854
723 ,0.143625
724 ,-0.013679
725 ,-0.047875
726 ,0.344895
727 ,-0.492428
728 ,0.253053
729 ,-0.709331
730 ,-0.085002
731 ,-1.154861
732 ,-0.385931
733 ,-0.065462
734 ,-0.469956
735 ,-0.348803
736 ,0.11236
737 ,0.255984
738 ,0.214949
739 ,0.123107
740 ,0.890083
741 ,1.472399
742 ,0.383977
743 ,1.15193
744 ,0.624328
745 ,0.4553
746 ,0.784563
747 ,-0.581339
748 ,0.497313
749 ,0.163166
750 ,0.177821
751 ,0.017587
752 ,0.077186
753 ,0.228627
754 ,-0.295066
755 ,-0.464094
756 ,-0.508061
757 ,-0.678065
758 ,-0.308745
759 ,-0.067416
760 ,-0.305813
761 ,-0.256961
762 ,0.168051
763 ,-0.114314
764 ,0.140694
765 ,0.46214
766 ,0.161212
767 ,-0.163166
768 ,1.089399
769 ,1.328774
770 ,0.661456
771 ,1.123596
772 ,0.90767
773 ,0.764045
774 ,0.675134
775 ,0.452369
776 ,0.564729
777 ,0.636053
778 ,0.243283
779 ,0.046898
780 ,0.212995
781 ,0.328285
782 ,-0.745481
783 ,-0.238398
784 ,-0.154372
785 ,0.238398
786 ,-0.168051
787 ,-0.192477
788 ,-0.057645
789 ,-0.625305
790 ,-0.07914
791 ,-0.040059
792 ,0.048852
793 ,1.048363
794 ,0.169028
795 ,1.15193
796 ,-0.199316
797 ,0.933073
798 ,1.124573
799 ,1.134343
800 ,0.396678
801 ,1.0298
802 ,-0.107474
803 ,0.563752
804 ,0.377137
805 ,0.197362
806 ,0.204201
807 ,-0.097704
808 ,0.33317
809 ,-0.107474
810 ,0.154372
811 ,-1.446996
812 ,0.194431
813 ,0.423058
814 ,0.022472
815 ,0.084025
816 ,-0.207132
817 ,-0.677088
818 ,-0.167074
819 ,-0.010747
820 ,0.281387
821 ,0.834392
822 ,0.870542
823 ,0.060576
824 ,1.048363
825 ,-0.650708
826 ,0.922325
827 ,0.731803
828 ,1.113825
829 ,0.572545
830 ,-1.017098
831 ,0.857841
832 ,0.412311
833 ,0.199316
834 ,0.108451
835 ,0.207132
836 ,-0.457255
837 ,-0.920371
838 ,0.314607
839 ,-0.775769
840 ,0.109428
841 ,0.110405
842 ,-0.089888
843 ,-0.382022
844 ,0.013679
845 ,-0.21788
846 ,-0.11236
847 ,0.411334
848 ,0.82853
849 ,2
850 ,-0.378114
851 ,0.886175
852 ,1.661944
853 ,0.684905
854 ,0.998534
855 ,0.422081
856 ,0.839277
857 ,0.933073
858 ,0.422081
859 ,0.21788
860 ,0.07914
861 ,0.120176
862 ,0.085979
863 ,0.717147
864 ,0.25403
865 ,2
866 ,-0.618466
867 ,0.121153
868 ,0.395701
869 ,-0.081094
870 ,-0.177821
871 ,-0.307767
872 ,-0.098681
873 ,-0.294089
874 ,-0.144602
875 ,0.258915
876 ,0.239375
877 ,0.008793
878 ,0.999511
879 ,1.407914
880 ,0.952614
881 ,1.053249
882 ,1.097215
883 ,1.110894
884 ,0.629213
885 ,0.489497
886 ,0.608696
887 ,0.397655
888 ,0.083048
889 ,0.096727
890 ,0.049829
891 ,0.210064
892 ,-1.479238
893 ,-0.225696
894 ,-0.946751
895 ,0.090865
896 ,0.356619
897 ,-0.060576
898 ,0.011724
899 ,-0.04299
900 ,-0.218857
901 ,-0.076209
902 ,0.085979
903 ,0.562775
904 ,0.378114
905 ,-0.033219
906 ,1.452858
907 ,1.021983
908 ,0.228627
909 ,1.037616
910 ,0.984856
911 ,1.160723
912 ,0.587201
913 ,-0.799218
914 ,0.661456
915 ,0.245237
916 ,0.263801
917 ,0.090865
918 ,-0.369321
919 ,-0.039082
920 ,-0.607719
921 ,2
922 ,-0.365413
923 ,-0.240352
924 ,-0.153395
925 ,-0.034196
926 ,-0.263801
927 ,-0.210064
928 ,-0.012702
929 ,-0.166097
930 ,0.029311
931 ,0.279433
932 ,0.878359
933 ,0.815828
934 ,0.56766
935 ,0.987787
936 ,1.219345
937 ,0.98681
938 ,0.487543
939 ,0.745481
940 ,1.044455
941 ,0.707377
942 ,0.499267
943 ,0.7064
944 ,0.219834
945 ,-0.035173
946 ,-0.124084
947 ,0.124084
948 ,-0.02638
949 ,-0.916463
950 ,-0.704446
951 ,-0.553004
952 ,-0.561798
953 ,-1.526136
954 ,-0.253053
955 ,0.153395
956 ,-0.207132
957 ,-0.142648
958 ,0.002931
959 ,0.456277
960 ,0.817782
961 ,1.047386
962 ,0.213972
963 ,1.31998
964 ,1.518319
965 ,1.217391
966 ,0.653639
967 ,0.505129
968 ,0.817782
969 ,0.55105
970 ,0.736688
971 ,0.533464
972 ,0.350757
973 ,0.074255
974 ,0.048852
975 ,-0.04299
976 ,-0.421104
977 ,0.495359
978 ,-0.756229
979 ,-0.02638
980 ,0.14851
981 ,0.024426
982 ,-0.071324
983 ,-0.183683
984 ,-0.12213
985 ,0.237421
986 ,-0.034196
987 ,0.302882
988 ,0.675134
989 ,2
990 ,0.206155
991 ,0.940889
992 ,1.423547
993 ,0.747435
994 ,0.772838
995 ,0.851979
996 ,1.302394
997 ,0.213972
998 ,0.368344
999 ,0.554958
1000 ,0.259893
1001 ,0.063508
1002 ,0.008793
1003 ,0.233512
1004 ,-0.450415
1005 ,-0.249145
1006 ,0.075232
1007 ,-0.157303
1008 ,0.020518
1009 ,1.852467
1010 ,0.319492
1011 ,1.195896
1012 ,1.2936
1013 ,0.501221
1014 ,1.097215
1015 ,0.755252
1016 ,1.050318
1017 ,0.895945
1018 ,-0.307767
1019 ,0.638007
1020 ,0.467025
1021 ,0.189546
1022 ,0.008793
1023 ,0.250122
1024 ,0.325354
1025 ,-0.168051
1026 ,0.022472
1027 ,-1.009282
1028 ,-0.059599
1029 ,0.188569
1030 ,-0.234489
1031 ,-0.418173
1032 ,-0.298974
1033 ,0.071324
1034 ,-0.206155
1035 ,-0.065462
1036 ,0.010747
1037 ,0.568637
1038 ,0.855887
1039 ,0.126038
1040 ,0.00977
1041 ,1.11871
1042 ,1.018075
1043 ,0.959453
1044 ,0.765022
1045 ,0.869565
1046 ,0.744504
1047 ,-0.453346
1048 ,0.632145
1049 ,0.34978
1050 ,0.13874
1051 ,0.133854
1052 ,0.118222
1053 ,0.450415
1054 ,-0.200293
1055 ,0.677088
1056 ,-0.487543
1057 ,-0.276502
1058 ,0.517831
1059 ,0.17489
1060 ,-0.160234
1061 ,-0.049829
1062 ,-0.060576
1063 ,0.207132
1064 ,0.118222
1065 ,0.866634
1066 ,2
1067 ,0.223742
1068 ,0.856864
1069 ,1.750855
1070 ,0.753298
1071 ,0.681974
1072 ,0.836346
1073 ,1.025892
1074 ,0.500244
1075 ,0.704446
1076 ,0.537372
1077 ,0.00977
1078 ,0.004885
1079 ,0.236444
1080 ,0.372252
1081 ,-0.144602
1082 ,0.469956
1083 ,-1.707865
1084 ,-0.042013
1085 ,0.133854
1086 ,-1.775281
1087 ,-0.15828
1088 ,-0.255007
1089 ,-0.368344
1090 ,0.021495
1091 ,0.135809
1092 ,-0.100635
1093 ,0.661456
1094 ,0.723986
1095 ,0.325354
1096 ,1.263312
1097 ,1.671715
1098 ,1.058134
1099 ,0.961407
1100 ,0.665364
1101 ,1.085491
1102 ,0.543234
1103 ,0.650708
1104 ,0.377137
1105 ,0.011724
1106 ,0.044944
1107 ,-0.170982
1108 ,0.152418
1109 ,-0.688813
1110 ,0.062531
1111 ,-1.189057
1112 ,-0.010747
1113 ,0.300928
1114 ,-0.292135
1115 ,-0.145579
1116 ,-0.294089
1117 ,-0.537372
1118 ,-0.150464
1119 ,-0.261847
1120 ,0.050806
1121 ,0.666341
1122 ,2
1123 ,0.656571
1124 ,1.355154
1125 ,1.312164
1126 ,0.721055
1127 ,1.140205
1128 ,0.619443
1129 ,0.998534
1130 ,0.767953
1131 ,-0.267709
1132 ,0.504152
1133 ,0.353688
1134 ,0.206155
1135 ,-0.019541
1136 ,-0.298974
1137 ,0.624328
1138 ,-0.6468
1139 ,2
1140 ,-0.214949
1141 ,-0.316561
1142 ,-1.763556
1143 ,-0.063508
1144 ,-0.204201
1145 ,-0.559844
1146 ,-0.178798
1147 ,0.068393
1148 ,0.722032
1149 ,0.295066
1150 ,0.568637
1151 ,0.302882
1152 ,0.712262
1153 ,1.130435
1154 ,0.992672
1155 ,1.919883
1156 ,0.60381
1157 ,1.044455
1158 ,-1.059111
1159 ,0.58427
1160 ,0.502198
1161 ,0.133854
1162 ,-0.108451
1163 ,0.043967
1164 ,-0.073278
1165 ,-0.375183
1166 ,-0.338056
1167 ,-0.631168
1168 ,0.157303
1169 ,0.268686
1170 ,-0.13874
1171 ,-0.116268
1172 ,-0.219834
1173 ,-0.077186
1174 ,-0.361505
1175 ,-0.573522
1176 ,0.032242
1177 ,-0.291158
1178 ,-1.914998
1179 ,0.199316
1180 ,1.242794
1181 ,-0.822667
1182 ,1.123596
1183 ,0.684905
1184 ,0.841231
1185 ,0.59404
1186 ,0.870542
1187 ,0.643869
1188 ,0.552027
1189 ,0.347826
1190 ,0.01661
1191 ,0.065462
1192 ,0.108451
1193 ,0.097704
1194 ,-0.371275
1195 ,-1.042501
1196 ,0.072301
1197 ,0.203224
1198 ,-0.245237
1199 ,-0.017587
1200 ,-0.317538
1201 ,-0.117245
1202 ,-0.071324
1203 ,-0.091842
1204 ,-0.007816
1205 ,0.82169
1206 ,2
1207 ,0.200293
1208 ,1.020029
1209 ,1.189057
1210 ,0.918417
1211 ,1.886663
1212 ,0.697606
1213 ,0.957499
1214 ,0.765022
1215 ,0.703468
1216 ,0.831461
1217 ,0.385931
1218 ,0.02638
1219 ,0.073278
1220 ,0.120176
1221 ,0.102589
1222 ,0.413288
1223 ,-0.6468
1224 ,-0.152418
1225 ,0.073278
1226 ,-0.792379
1227 ,-0.020518
1228 ,-0.047875
1229 ,-0.228627
1230 ,-0.189546
1231 ,0.083048
1232 ,0.255984
1233 ,0.447484
1234 ,0.805081
1235 ,0.132877
1236 ,1.365901
1237 ,1.520274
1238 ,0.633122
1239 ,0.739619
1240 ,0.772838
1241 ,1.027846
1242 ,0.951637
1243 ,0.502198
1244 ,0.904739
1245 ,0.400586
1246 ,0.235467
1247 ,0.011724
1248 ,0.054714
1249 ,0.215926
1250 ,-0.31363
1251 ,0.747435
1252 ,-0.352711
1253 ,0.230581
1254 ,-0.343918
1255 ,-0.043967
1256 ,-0.011724
1257 ,-0.289204
1258 ,-0.147533
1259 ,-1.052272
1260 ,0.183683
1261 ,0.001954
1262 ,0.067416
1263 ,0.303859
1264 ,1.242794
1265 ,-0.035173
1266 ,1.288715
1267 ,0.860772
1268 ,1.057157
1269 ,0.82169
1270 ,-0.684905
1271 ,0.658525
1272 ,0.395701
1273 ,0.197362
1274 ,0.240352
1275 ,0.034196
1276 ,0.446507
1277 ,-0.360528
1278 ,0.54128
1279 ,-1.209575
1280 ,-0.157303
1281 ,0.674157
1282 ,-0.021495
1283 ,-0.255007
1284 ,-0.427943
1285 ,-0.238398
1286 ,-0.120176
1287 ,-0.783586
1288 ,0.106497
1289 ,0.540303
1290 ,1.205667
1291 ,0.264778
1292 ,0.918417
1293 ,1.647289
1294 ,1.086468
1295 ,0.787494
1296 ,0.703468
1297 ,0.995603
1298 ,0.092819
1299 ,0.627259
1300 ,0.058622
1301 ,0.276502
1302 ,0.100635
1303 ,-0.065462
1304 ,-0.085979
1305 ,0.486566
1306 ,-0.271617
1307 ,2
1308 ,-0.461163
1309 ,-0.177821
1310 ,-0.484612
1311 ,0.245237
1312 ,0.00977
1313 ,-0.34978
1314 ,-0.167074
1315 ,0.028334
1316 ,-0.004885
1317 ,0.47191
1318 ,0.623351
1319 ,0.038105
1320 ,0.497313
1321 ,0.779678
1322 ,0.528578
1323 ,1.165608
1324 ,0.928188
1325 ,1.072789
1326 ,0.802149
1327 ,0.631168
1328 ,0.368344
1329 ,0.393747
1330 ,0.115291
1331 ,-0.056668
1332 ,0.240352
1333 ,-0.714216
1334 ,0.588178
1335 ,-0.533464
1336 ,0.166097
1337 ,0.238398
1338 ,-0.000977
1339 ,0.569614
1340 ,-0.192477
1341 ,0.075232
1342 ,-0.55789
1343 ,0.099658
1344 ,0.223742
1345 ,0.867611
1346 ,1.774304
1347 ,0.363459
1348 ,1.01319
1349 ,0.921348
1350 ,0.681974
1351 ,1.915975
1352 ,0.686859
1353 ,0.993649
1354 ,0.657548
1355 ,0.496336
1356 ,0.722032
1357 ,0.304836
1358 ,0.00977
1359 ,-0.154372
1360 ,0.396678
1361 ,-0.386908
1362 ,-0.137763
1363 ,-1.371764
1364 ,-0.173913
1365 ,-0.251099
1366 ,-1.449927
1367 ,0.037128
1368 ,0.078163
1369 ,-0.106497
1370 ,-0.145579
1371 ,-0.385931
1372 ,0.308745
1373 ,0.650708
1374 ,1.696141
1375 ,0.348803
1376 ,0.927211
1377 ,-0.057645
1378 ,1.030777
1379 ,0.649731
1380 ,0.777723
1381 ,0.562775
1382 ,-0.290181
1383 ,0.638007
1384 ,0.16512
1385 ,0.26087
1386 ,0.076209
1387 ,0.087934
1388 ,-0.255007
1389 ,-0.136786
1390 ,-1.381534
1391 ,0.4553
1392 ,0.452369
1393 ,0.021495
1394 ,0.240352
1395 ,-0.288227
1396 ,0.044944
1397 ,0.261847
1398 ,-0.627259
1399 ,0.20127
1400 ,0.427943
1401 ,2
1402 ,0.410357
1403 ,1.051295
1404 ,1.144113
1405 ,0.839277
1406 ,1.37958
1407 ,0.642892
1408 ,0.957499
1409 ,0.722032
1410 ,0.608696
1411 ,0.446507
1412 ,0.469956
1413 ,0.085002
1414 ,0.113337
1415 ,0.268686
1416 ,1.191988
1417 ,-1.126527
1418 ,0.132877
1419 ,-0.733757
1420 ,-0.049829
1421 ,0.537372
1422 ,-0.575476
1423 ,-0.618466
1424 ,-0.126038
1425 ,-0.246214
1426 ,0.083048
1427 ,0.250122
1428 ,0.310699
1429 ,0.703468
1430 ,2
1431 ,0.305813
1432 ,1.102101
1433 ,1.765511
1434 ,0.575476
1435 ,1.154861
1436 ,0.842208
1437 ,1.031754
1438 ,0.764045
1439 ,0.104543
1440 ,0.500244
1441 ,0.408403
1442 ,0.26087
1443 ,0.245237
1444 ,0.243283
1445 ,-0.399609
1446 ,0.375183
1447 ,-0.563752
1448 ,0.172936
1449 ,0.058622
1450 ,0.088911
1451 ,-0.046898
1452 ,-0.139717
1453 ,-0.180752
1454 ,-0.251099
1455 ,-0.135809
1456 ,0.359551
1457 ,0.830484
1458 ,0.119199
1459 ,0.954568
1460 ,1.294577
1461 ,0.347826
1462 ,0.776746
1463 ,0.539326
1464 ,0.895945
1465 ,-0.53151
1466 ,0.694675
1467 ,0.507084
1468 ,0.203224
1469 ,-0.110405
1470 ,0.113337
1471 ,0.644846
1472 ,-0.802149
1473 ,0.340987
1474 ,-1.280899
1475 ,-0.375183
1476 ,0.129946
1477 ,0.246214
1478 ,0.120176
1479 ,-0.354665
1480 ,-0.128969
1481 ,0.04299
1482 ,0.213972
1483 ,0.399609
1484 ,1.943332
1485 ,0.291158
1486 ,0.898876
1487 ,1.711773
1488 ,0.983879
1489 ,1.130435
1490 ,1.103078
1491 ,0.704446
1492 ,-0.507084
1493 ,0.829507
1494 ,0.493405
1495 ,0.523693
1496 ,0.211041
1497 ,-0.030288
1498 ,0.250122
1499 ,-0.581339
1500 ,-0.133854
1501 ,-1.000489
1502 ,-0.218857
1503 ,0.196385
1504 ,0.805081
1505 ,1.476307
1506 ,-0.962384
1507 ,0.833415
1508 ,0.892037
1509 ,0.556913
1510 ,0.860772
1511 ,-0.164143
1512 ,0.74255
1513 ,0.338056
1514 ,0.140694
1515 ,-0.004885
1516 ,0.156326
1517 ,1.307279
1518 ,-0.075232
1519 ,0.814851
1520 ,-2.000977
1521 ,0.295066
1522 ,0.363459
1523 ,-0.978017
1524 ,-0.060576
1525 ,-0.072301
1526 ,0.022472
1527 ,0.118222
1528 ,-0.372252
1529 ,0.490474
1530 ,1.187103
1531 ,1.747924
1532 ,-0.017587
1533 ,1.434294
1534 ,0.460186
1535 ,0.923302
1536 ,0.975085
1537 ,0.690767
1538 ,0.880313
1539 ,0.784563
1540 ,0.173913
1541 ,0.636053
1542 ,1.155838
1543 ,0.274548
1544 ,0.314607
1545 ,-0.120176
1546 ,0.252076
1547 ,0.335125
1548 ,0.218857
1549 ,-0.819736
1550 ,-0.248168
1551 ,-0.55789
1552 ,0.216903
1553 ,-0.053737
1554 ,0.281387
1555 ,-0.025403
1556 ,-0.17489
1557 ,-0.062531
1558 ,-0.18466
1559 ,0.163166
1560 ,0.089888
1561 ,2
1562 ,0.749389
1563 ,0.141671
1564 ,1.200782
1565 ,0.868588
1566 ,0.781632
1567 ,1.192965
1568 ,0.827553
1569 ,1.097215
1570 ,0.638984
1571 ,0.804104
1572 ,0.086957
1573 ,0.279433
1574 ,0.015633
1575 ,0.284319
1576 ,0.06937
1577 ,-0.334148
1578 ,0.974108
1579 ,-0.119199
1580 ,0.259893
1581 ,0.495359
1582 ,-0.269663
1583 ,0.044944
1584 ,-0.356619
1585 ,0.121153
1586 ,0.021495
1587 ,0.720078
1588 ,0.579384
1589 ,0.605765
1590 ,-0.413288
1591 ,0.253053
1592 ,1.090376
1593 ,1.582804
1594 ,0.760137
1595 ,0.779678
1596 ,0.880313
1597 ,0.868588
1598 ,0.045921
1599 ,0.489497
1600 ,0.400586
1601 ,0.26087
1602 ,0.198339
1603 ,0.01661
1604 ,-2.000977
1605 ,-0.109428
1606 ,0.692721
1607 ,-0.442599
1608 ,-0.249145
1609 ,-0.222765
1610 ,-0.245237
1611 ,-0.246214
1612 ,-0.34978
1613 ,-0.080117
1614 ,-0.118222
1615 ,-0.104543
1616 ,0.405471
1617 ,2
1618 ,0.523693
1619 ,0.877382
1620 ,0.301905
1621 ,1.086468
1622 ,0.993649
1623 ,0.800195
1624 ,1.081583
1625 ,0.754275
1626 ,0.544211
1627 ,0.351734
1628 ,0.386908
1629 ,0.070347
1630 ,0.222765
1631 ,0.328285
1632 ,-0.648754
1633 ,0.461163
1634 ,-1.706888
1635 ,-0.107474
1636 ,0.34978
1637 ,-0.443576
1638 ,0.239375
1639 ,-0.028334
1640 ,-0.013679
1641 ,0.057645
1642 ,-0.20127
1643 ,0.754275
1644 ,0.340987
1645 ,2
1646 ,0.942843
1647 ,1.766488
1648 ,0.208109
1649 ,0.870542
1650 ,0.903762
1651 ,1.266243
1652 ,0.537372
1653 ,0.794333
1654 ,0.264778
1655 ,0.533464
1656 ,0.319492
1657 ,0.091842
1658 ,0.28041
1659 ,0.089888
1660 ,-0.297997
1661 ,-1.143136
1662 ,1.645335
1663 ,-0.213972
1664 ,0.304836
1665 ,-1.434294
1666 ,-0.272594
1667 ,-0.182706
1668 ,-0.330239
1669 ,-0.266732
1670 ,0.49829
1671 ,-0.235467
1672 ,-1.431363
1673 ,-1.322912
1674 ,0.05276
1675 ,1.009282
1676 ,-0.211041
1677 ,0.985833
1678 ,1.106009
1679 ,0.902785
1680 ,0.729849
1681 ,-0.224719
1682 ,0.490474
1683 ,0.389839
1684 ,0.050806
1685 ,0.127992
1686 ,0.309722
1687 ,-0.440645
1688 ,0.041036
1689 ,-1.369809
1690 ,0.401563
1691 ,0.247191
1692 ,0.198339
1693 ,-0.017587
1694 ,-0.406448
1695 ,0.10552
1696 ,-0.352711
1697 ,-0.616512
1698 ,-0.31363
1699 ,0.587201
1700 ,0.352711
1701 ,-0.002931
1702 ,1.009282
1703 ,0.660479
1704 ,0.922325
1705 ,0.909624
1706 ,0.928188
1707 ,0.52467
1708 ,-0.047875
1709 ,0.526624
1710 ,0.451392
1711 ,0.179775
1712 ,-0.038105
1713 ,0.120176
1714 ,0.450415
1715 ,0.292135
1716 ,-0.338056
1717 ,-0.522716
1718 ,-0.004885
1719 ,0.371275
1720 ,-0.695652
1721 ,-0.252076
1722 ,-0.383
1723 ,-0.509038
1724 ,0.004885
1725 ,-0.177821
1726 ,0.028334
1727 ,0.572545
1728 ,0.356619
1729 ,0.690767
1730 ,0.483635
1731 ,1.005374
1732 ,0.299951
1733 ,0.799218
1734 ,0.880313
1735 ,1.01319
1736 ,0.705423
1737 ,-0.218857
1738 ,0.616512
1739 ,0.487543
1740 ,0.281387
1741 ,0.094773
1742 ,-0.083048
1743 ,-0.116268
1744 ,-0.475818
1745 ,0.239375
1746 ,-0.108451
1747 ,-0.115291
1748 ,-0.718124
1749 ,-0.156326
1750 ,0.176844
1751 ,-0.516854
1752 ,0.066439
1753 ,-0.432829
1754 ,-0.744504
1755 ,0.363459
1756 ,1.992184
1757 ,0.566683
1758 ,-0.059599
1759 ,1.048363
1760 ,0.602833
1761 ,0.695652
1762 ,1.160723
1763 ,0.738642
1764 ,0.998534
1765 ,-0.300928
1766 ,0.657548
1767 ,0.448461
1768 ,0.369321
1769 ,-0.053737
1770 ,0.389839
1771 ,0.301905
1772 ,-0.750366
1773 ,0.075232
1774 ,1.557401
1775 ,-0.309722
1776 ,0.075232
1777 ,-1.27406
1778 ,0.129946
1779 ,0.16512
1780 ,-0.640938
1781 ,0.025403
1782 ,0.1915
1783 ,0.798241
1784 ,0.623351
1785 ,2
1786 ,0.245237
1787 ,1.292623
1788 ,1.322912
1789 ,0.774792
1790 ,0.941866
1791 ,0.847093
1792 ,0.88129
1793 ,0.745481
1794 ,-0.023449
1795 ,0.651685
1796 ,0.327308
1797 ,-0.084025
1798 ,0.204201
1799 ,0.282364
1800 ,-0.344895
1801 ,0.396678
1802 ,-0.463117
1803 ,0.123107
1804 ,0.18466
1805 ,-0.734734
1806 ,-0.595994
1807 ,0.028334
1808 ,0.048852
1809 ,-0.218857
1810 ,-0.021495
1811 ,-0.012702
1812 ,0.758183
1813 ,1.549585
1814 ,0.085002
1815 ,0.340987
1816 ,1.068881
1817 ,1.502687
1818 ,0.954568
1819 ,0.738642
1820 ,0.750366
1821 ,0.817782
1822 ,0.714216
1823 ,0.62042
1824 ,0.427943
1825 ,0.204201
1826 ,-0.038105
1827 ,-0.062531
1828 ,0.337079
1829 ,0.03615
1830 ,0.267709
1831 ,-1.673669
1832 ,0.224719
1833 ,0.137763
1834 ,0.104543
1835 ,-0.233512
1836 ,-0.076209
1837 ,0.211041
1838 ,0.067416
1839 ,-0.186615
1840 ,0.470933
1841 ,0.083048
1842 ,1.451881
1843 ,0.826575
1844 ,0.860772
1845 ,0.973131
1846 ,-1.038593
1847 ,0.964338
1848 ,0.962384
1849 ,1.051295
1850 ,0.67318
1851 ,-0.099658
1852 ,0.512946
1853 ,0.503175
1854 ,0.195408
1855 ,0.031265
1856 ,0.223742
1857 ,0.394724
1858 ,-0.115291
1859 ,-0.047875
1860 ,0.329262
1861 ,-0.424035
1862 ,0.102589
1863 ,0.104543
1864 ,0.010747
1865 ,-0.372252
1866 ,-0.010747
1867 ,-0.115291
1868 ,1.063019
1869 ,0.157303
1870 ,1.465559
1871 ,0.480703
1872 ,0.544211
1873 ,1.063019
1874 ,-0.043967
1875 ,0.990718
1876 ,0.810943
1877 ,0.75916
1878 ,0.958476
1879 ,0.700537
1880 ,0.635076
1881 ,0.572545
1882 ,0.24426
1883 ,0.14851
1884 ,0.047875
1885 ,0.083048
1886 ,-0.137763
1887 ,0.843185
1888 ,-0.33317
1889 ,-0.382022
1890 ,0.099658
1891 ,0.090865
1892 ,-0.132877
1893 ,-0.326331
1894 ,-0.192477
1895 ,0.001954
1896 ,-0.250122
1897 ,0.771861
1898 ,0.407426
1899 ,0.464094
1900 ,0.937958
1901 ,1.055203
1902 ,0.750366
1903 ,0.731803
1904 ,0.707377
1905 ,0.926234
1906 ,1.288715
1907 ,0.618466
1908 ,0.444553
1909 ,0.124084
1910 ,0.130923
1911 ,0.055691
1912 ,0.27064
1913 ,-0.210064
1914 ,1.57108
1915 ,-0.077186
1916 ,-0.283341
1917 ,-0.090865
1918 ,-0.067416
1919 ,-0.508061
1920 ,0.225696
1921 ,-0.125061
1922 ,-0.102589
1923 ,0.310699
1924 ,0.688813
1925 ,2
1926 ,0.25403
1927 ,1.347338
1928 ,0.88129
1929 ,0.677088
1930 ,0.959453
1931 ,0.580362
1932 ,1.0298
1933 ,0.670249
1934 ,-0.025403
1935 ,0.476795
1936 ,0.554958
1937 ,0.088911
1938 ,0.049829
1939 ,-0.124084
1940 ,-0.014656
1941 ,-0.537372
1942 ,0.135809
1943 ,-0.256961
1944 ,-0.582316
1945 ,0.353688
1946 ,-0.167074
1947 ,0.132877
1948 ,-0.088911
1949 ,-0.04299
1950 ,-0.187592
1951 ,0.102589
1952 ,0.355642
1953 ,1.489985
1954 ,0.370298
1955 ,0.97704
1956 ,1.801661
1957 ,0.865657
1958 ,1.134343
1959 ,0.753298
1960 ,1.090376
1961 ,-1.179287
1962 ,0.628236
1963 ,0.591109
1964 ,0.166097
1965 ,0.143625
1966 ,0.121153
1967 ,0.232535
1968 ,-0.509038
1969 ,0.53151
1970 ,-1.10894
1971 ,-0.250122
1972 ,0.234489
1973 ,-0.006839
1974 ,-0.043967
1975 ,-0.388862
1976 ,-0.080117
1977 ,-0.370298
1978 ,-0.598925
1979 ,0.367367
1980 ,0.293112
1981 ,0.415242
1982 ,0.275525
1983 ,1.238886
1984 ,0.993649
1985 ,0.599902
1986 ,1.393258
1987 ,0.698583
1988 ,0.973131
1989 ,0.85491
1990 ,0.72594
1991 ,0.255007
1992 ,0.10552
1993 ,0.173913
1994 ,0.092819
1995 ,0.372252
1996 ,-0.55789
1997 ,0.196385
1998 ,-1.1617
1999 ,-0.03615
2000 ,0.229604
2001 ,-0.585247
2002 ,0.070347
2003 ,0.109428
2004 ,0.198339
2005 ,0.823644
2006 ,0.644846
2007 ,0.859795
2008 ,0.443576
2009 ,1.068881
2010 ,1.232047
2011 ,1.236932
2012 ,1.096238
2013 ,0.414265
2014 ,0.949682
2015 ,1.093307
2016 ,0.714216
2017 ,0.411334
2018 ,0.387885
2019 ,0.083048
2020 ,0.47191
2021 ,-0.640938
2022 ,0.711285
2023 ,1.33659
2024 ,0.033219
2025 ,0.427943
2026 ,-0.640938
2027 ,-0.234489
2028 ,-0.434783
2029 ,0.171959
2030 ,-0.341964
2031 ,0.220811
2032 ,0.058622
2033 ,-0.357596
2034 ,0.623351
2035 ,0.302882
2036 ,0.809966
2037 ,1.42257
2038 ,1.451881
2039 ,0.936981
2040 ,1.197851
2041 ,0.942843
2042 ,0.91744
2043 ,0.570591
2044 ,0.431851
2045 ,0.451392
2046 ,0.246214
2047 ,-0.059599
2048 ,0.335125
2049 ,0.255984
2050 ,0.226673
2051 ,0.801172
2052 ,-1.394235
2053 ,0.027357
2054 ,-0.267709
2055 ,0.150464
2056 ,0.008793
2057 ,-0.735711
2058 ,0.022472
2059 ,-0.31363
2060 ,0.363459
2061 ,0.24426
2062 ,0.354665
2063 ,0.628236
2064 ,1.21446
2065 ,1.434294
2066 ,0.965315
2067 ,0.890083
2068 ,0.9702
2069 ,1.127504
2070 ,0.605765
2071 ,-0.080117
2072 ,0.568637
2073 ,0.453346
2074 ,0.051783
2075 ,-0.015633
2076 ,0.239375
2077 ,-1.024915
2078 ,0.510015
2079 ,-0.794333
2080 ,0.107474
2081 ,-0.044944
2082 ,-0.4553
2083 ,-0.134831
2084 ,-0.417196
2085 ,0.114314
2086 ,-0.071324
2087 ,0.255984
2088 ,0.274548
2089 ,-0.241329
2090 ,-1.070835
2091 ,-0.199316
2092 ,1.071812
2093 ,1.041524
2094 ,0.740596
2095 ,0.831461
2096 ,1.228139
2097 ,1.000489
2098 ,0.85491
2099 ,0.265755
2100 ,0.464094
2101 ,0.256961
2102 ,0.07914
2103 ,0.056668
2104 ,0.056668
2105 ,-1.035662
2106 ,0.591109
2107 ,-1.289692
2108 ,0.27064
2109 ,0.361505
2110 ,-0.613581
2111 ,0.208109
2112 ,-0.364436
2113 ,-0.004885
2114 ,-0.120176
2115 ,-0.324377
2116 ,0.237421
2117 ,-1.101124
2118 ,0.86468
2119 ,0.677088
2120 ,0.508061
2121 ,1.249634
2122 ,0.22765
2123 ,0.868588
2124 ,1.191011
2125 ,0.425012
2126 ,0.903762
2127 ,0.161212
2128 ,0.412311
2129 ,0.387885
2130 ,0.337079
2131 ,-0.002931
2132 ,0.330239
2133 ,-0.99658
2134 ,0.546165
2135 ,1.101124
2136 ,0.010747
2137 ,-0.329262
2138 ,-1.354177
2139 ,-0.186615
2140 ,-0.090865
2141 ,-0.289204
2142 ,0.02638
2143 ,-0.249145
2144 ,-0.425012
2145 ,0.579384
2146 ,1.313141
2147 ,0.847093
2148 ,0.147533
2149 ,1.008305
2150 ,1.249634
2151 ,0.771861
2152 ,1.063019
2153 ,0.400586
2154 ,0.961407
2155 ,0.644846
2156 ,0.807035
2157 ,0.373229
2158 ,0.246214
2159 ,-0.139717
2160 ,0.284319
2161 ,0.202247
2162 ,-0.046898
2163 ,0.602833
2164 ,-0.84807
2165 ,0.449438
2166 ,0.374206
2167 ,0.033219
2168 ,-0.049829
2169 ,-0.063508
2170 ,-0.346849
2171 ,-0.192477
2172 ,0.048852
2173 ,1.294577
2174 ,0.345872
2175 ,0.553004
2176 ,1.183195
2177 ,1.296532
2178 ,0.947728
2179 ,0.912555
2180 ,0.994626
2181 ,0.57743
2182 ,0.373229
2183 ,0.113337
2184 ,0.500244
2185 ,0.40254
2186 ,0.065462
2187 ,0.067416
2188 ,0.288227
2189 ,-0.678065
2190 ,-0.049829
2191 ,0.521739
2192 ,-0.596971
2193 ,-0.156326
2194 ,0.002931
2195 ,-0.548119
2196 ,-0.267709
2197 ,0.075232
2198 ,0.090865
2199 ,0.074255
2200 ,0.303859
2201 ,0.149487
2202 ,-0.442599
2203 ,0.415242
2204 ,0.338056
2205 ,1.144113
2206 ,1.11871
2207 ,0.790425
2208 ,0.991695
2209 ,0.770884
2210 ,1.129458
2211 ,-0.858818
2212 ,0.650708
2213 ,1.399121
2214 ,0.268686
2215 ,-0.06937
2216 ,0.26087
2217 ,0.468979
2218 ,-0.396678
2219 ,0.8383
2220 ,-0.590132
2221 ,-0.189546
2222 ,0.470933
2223 ,-0.121153
2224 ,-0.130923
2225 ,-0.52467
2226 ,-0.011724
2227 ,-0.123107
2228 ,-0.592086
2229 ,0.670249
2230 ,1.242794
2231 ,1.076698
2232 ,0.935027
2233 ,0.69956
2234 ,0.691744
2235 ,1.021983
2236 ,1.080606
2237 ,0.893991
2238 ,0.722032
2239 ,-0.089888
2240 ,0.330239
2241 ,0.487543
2242 ,0.194431
2243 ,0.151441
2244 ,0.495359
2245 ,0.314607
2246 ,-0.137763
2247 ,0.82853
2248 ,-1.399121
2249 ,0.149487
2250 ,0.154372
2251 ,-0.467025
2252 ,0.347826
2253 ,-0.146556
2254 ,-0.526624
2255 ,-0.126038
2256 ,0.298974
2257 ,0.132877
2258 ,-0.845139
2259 ,0.710308
2260 ,0.262824
2261 ,0.984856
2262 ,0.920371
2263 ,0.893014
2264 ,0.945774
2265 ,0.71617
2266 ,0.9702
2267 ,0.792379
2268 ,0.361505
2269 ,0.421104
2270 ,0.451392
2271 ,0.073278
2272 ,-0.09575
2273 ,0.097704
2274 ,-0.974108
2275 ,0.922325
2276 ,0.046898
2277 ,-0.130923
2278 ,0.37616
2279 ,-0.851979
2280 ,-0.364436
2281 ,-0.040059
2282 ,-0.375183
2283 ,0.317538
2284 ,0.150464
2285 ,-0.046898
2286 ,-1.168539
2287 ,1.489008
2288 ,-0.066439
2289 ,1.078652
2290 ,-2.000977
2291 ,0.839277
2292 ,1.133366
2293 ,0.693698
2294 ,0.902785
2295 ,-0.749389
2296 ,0.384954
2297 ,0.189546
2298 ,0.395701
2299 ,0.048852
2300 ,0.147533
2301 ,0.453346
2302 ,-1.083537
2303 ,0.432829
2304 ,0.634099
2305 ,-0.155349
2306 ,0.216903
2307 ,-0.704446
2308 ,-0.320469
2309 ,-0.055691
2310 ,-0.139717
2311 ,-0.412311
2312 ,-0.28041
2313 ,0.955545
2314 ,1.246702
2315 ,0.813874
2316 ,0.391793
2317 ,1.000489
2318 ,1.71959
2319 ,0.845139
2320 ,1.170493
2321 ,0.731803
2322 ,0.642892
2323 ,-0.109428
2324 ,0.493405
2325 ,0.530532
2326 ,0.171959
2327 ,0.377137
2328 ,0.308745
2329 ,-0.75232
2330 ,0.988764
2331 ,-1.640449
2332 ,0.168051
2333 ,0.119199
2334 ,-0.230581
2335 ,0.296043
2336 ,-0.412311
2337 ,0.080117
2338 ,0.546165
2339 ,0.331216
2340 ,0.388862
2341 ,0.550073
2342 ,0.696629
2343 ,-0.056668
2344 ,1.031754
2345 ,1.535906
2346 ,0.916463
2347 ,1.169516
2348 ,0.499267
2349 ,0.956522
2350 ,-0.867611
2351 ,0.745481
2352 ,-0.022472
2353 ,0.597948
2354 ,0.160234
2355 ,0.250122
2356 ,0.529555
2357 ,-0.319492
2358 ,0.800195
2359 ,-1.14509
2360 ,-0.100635
2361 ,0.221788
2362 ,-0.146556
2363 ,-0.113337
2364 ,-0.26087
2365 ,-0.116268
2366 ,-0.296043
2367 ,0.256961
2368 ,0.542257
2369 ,0.790425
2370 ,0.834392
2371 ,0.460186
2372 ,0.52467
2373 ,1.03957
2374 ,0.980948
2375 ,1.281876
2376 ,0.804104
2377 ,0.536395
2378 ,-0.225696
2379 ,0.427943
2380 ,0.506106
2381 ,0.132877
2382 ,0.074255
2383 ,0.298974
2384 ,-0.770884
2385 ,0.576453
2386 ,-0.877382
2387 ,0.117245
2388 ,0.196385
2389 ,0.002931
2390 ,0.374206
2391 ,0.11236
2392 ,-0.224719
2393 ,-0.040059
2394 ,0.185638
2395 ,0.097704
2396 ,0.175867
2397 ,1.703957
2398 ,-0.265755
2399 ,1.588666
2400 ,1.586712
2401 ,0.650708
2402 ,0.888129
2403 ,0.915486
2404 ,1.074744
2405 ,0.015633
2406 ,0.558867
2407 ,0.106497
2408 ,0.257938
2409 ,0.010747
2410 ,-0.021495
2411 ,0.609673
2412 ,-1.243771
2413 ,0.753298
2414 ,-0.966292
2415 ,-0.013679
2416 ,0.403517
2417 ,-1.601368
2418 ,-0.121153
2419 ,0.291158
2420 ,-0.295066
2421 ,0.025403
2422 ,-0.319492
2423 ,0.569614
2424 ,0.792379
2425 ,0.605765
2426 ,0.897899
2427 ,1.149976
2428 ,0.836346
2429 ,0.598925
2430 ,1.021983
2431 ,1.089399
2432 ,0.736688
2433 ,0.709331
2434 ,-0.093796
2435 ,0.631168
2436 ,0.346849
2437 ,0.127992
2438 ,0.046898
2439 ,0.278456
2440 ,-0.436737
2441 ,1.233024
2442 ,-0.033219
2443 ,0.249145
2444 ,0.221788
2445 ,-0.495359
2446 ,0.34001
2447 ,0.063508
2448 ,0.055691
2449 ,-0.142648
2450 ,-0.465071
2451 ,0.680997
2452 ,-0.175867
2453 ,0.677088
2454 ,0.156326
2455 ,1.140205
2456 ,0.345872
2457 ,1.040547
2458 ,1.194919
2459 ,0.57743
2460 ,0.286273
2461 ,0.631168
2462 ,0.675134
2463 ,0.199316
2464 ,0.447484
2465 ,0.120176
2466 ,0.07914
2467 ,0.215926
2468 ,-1.193942
2469 ,-0.007816
2470 ,0.893991
2471 ,-0.142648
2472 ,0.213972
2473 ,-1.487054
2474 ,-0.420127
2475 ,-0.041036
2476 ,-0.008793
2477 ,0.075232
2478 ,-0.098681
2479 ,0.4553
2480 ,0.587201
2481 ,2
2482 ,1.123596
2483 ,1.515388
2484 ,1.473376
2485 ,0.607719
2486 ,1.027846
2487 ,0.682951
2488 ,1.020029
2489 ,0.656571
2490 ,-0.136786
2491 ,0.337079
2492 ,0.37616
2493 ,0.041036
2494 ,0.098681
2495 ,0.115291
2496 ,-0.439668
2497 ,0.041036
2498 ,-1.718613
